,report,RTN,address,sample_id
0,3-0036649 - Chelmsford - Document_ID_584782.pdf,3-0036649,,MW-1
1,3-0036649 - Chelmsford - Document_ID_584782.pdf,3-0036649,,MW-2
2,L2112370 - 10 Beechnut Lane.pdf,2-0021045,,10 BEECH EFF
3,L2109630 - 9 Beechnut Lane.pdf,2-0021045,,9 BEECH EFF
4,L2109626 - 296 Chestnut Street.pdf,2-0021045,,296 CHEST
5,L2109631 - 308 Chestnut Street.pdf,2-0021045,,308 CHEST EFF
6,L2109462 - 343 Chestnut Street.pdf,2-0021045,,343 CHEST
7,Town Hall Well Data - Whitewater.pdf,2-0021072,,TC001G WELL 1
10,L2109458 - 290 Chestnut Street.pdf,2-0021045,,290 CHEST EFF
11,L2109458 - 290 Chestnut Street 2.pdf,2-0021045,,290 CHEST EFF
12,L2109633 - 3 Beechnut Lane.pdf,2-0021045,,3 BEECH
13,L2112364 - 264 Chestnut Street.pdf,2-0021045,,264 CHEST EFF
15,L2109634 - 307 Chestnut Street.pdf,2-0021045,,307 CHEST EFF
17,L2112364 - 264 Chestnut Street.pdf,2-0021045,,264 CHEST MID
18,L2109632 - 359 Chestnut Street.pdf,2-0021045,,359 CHEST
19,L2109455 - 5 Beechnut Lane.pdf,2-0021045,,5 BEECH EFF
21,L2109626 - 296 Chestnut Street.pdf,2-0021045,,296 CHEST EFF
23,L2109456 - 3 Stony Brook Road.pdf,2-0021045,,3 STONY MID
24,L2109458 - 290 Chestnut Street.pdf,2-0021045,,290 CHEST MID
25,Town Hall Well Data - Whitewater.pdf,2-0021072,,TC001G WELL1
26,L2112370 - 10 Beechnut Lane.pdf,2-0021045,,10 BEECH MID
27,L2109458 - 290 Chestnut Street 2.pdf,2-0021045,,290 CHEST
28,L2109461 - 305 Chestnut Street.pdf,2-0021045,,305 CHEST EFF
29,L2109458 - 290 Chestnut Street.pdf,2-0021045,,290 CHEST
30,L2109634 - 307 Chestnut Street.pdf,2-0021045,,307 CHEST MID
31,L2109458 - 290 Chestnut Street 2.pdf,2-0021045,,290 CHEST MID
32,L2115773 - 343 Chestnut Street.pdf,2-0021045,,343 CHEST
33,L2109631 - 308 Chestnut Street.pdf,2-0021045,,308 CHEST MID
34,L2112364 - 264 Chestnut Street.pdf,2-0021045,,264 CHEST
35,L2109626 - 296 Chestnut Street.pdf,2-0021045,,296 CHEST MID
36,L2109634 - 307 Chestnut Street.pdf,2-0021045,,FB 307 CHEST
38,L2109463 - 341 Chestnut Street.pdf,2-0021045,,341 CHEST
40,L2109632 - 359 Chestnut Street.pdf,2-0021045,,359 CHEST MID
41,L2109456 - 3 Stony Brook Road.pdf,2-0021045,,3 STONY EFF
42,L2109633 - 3 Beechnut Lane.pdf,2-0021045,,3 BEECH EFF
43,L2109456 - 3 Stony Brook Road.pdf,2-0021045,,3 STONY
46,L2109462 - 343 Chestnut Street.pdf,2-0021045,,343 CHEST EFF
47,L2109631 - 308 Chestnut Street.pdf,2-0021045,,308 CHEST
48,3-0036649 - Chelmsford - Document_ID_584782.pdf,3-0036649,,MW-3
49,L2109634 - 307 Chestnut Street.pdf,2-0021045,,307 CHEST
50,L2112370 - 10 Beechnut Lane.pdf,2-0021045,,10 BEECH
52,L2109461 - 305 Chestnut Street.pdf,2-0021045,,305 CHEST
55,L2115773 - 343 Chestnut Street.pdf,2-0021045,,343 CHEST MID
59,L2109633 - 3 Beechnut Lane.pdf,2-0021045,,3 BEECH MID
60,L2109461 - 305 Chestnut Street.pdf,2-0021045,,305 CHEST MID
62,Town Hall Well Data - Whitewater.pdf,2-0021072,,TC001G WELL1-FB
63,L2109455 - 5 Beechnut Lane.pdf,2-0021045,,5 BEECH MID
64,L2109460 - 300 Chestnut Street.pdf,2-0021045,,300 CHEST MID
65,L2109630 - 9 Beechnut Lane.pdf,2-0021045,,9 BEECH
66,L2109456 - 3 Stony Brook Road.pdf,2-0021045,,FB 3 STONY
67,L2109461 - 305 Chestnut Street.pdf,2-0021045,,FB 305 CHEST
68,L2109632 - 359 Chestnut Street.pdf,2-0021045,,FB 359 CHEST
69,L2109631 - 308 Chestnut Street.pdf,2-0021045,,FB 308 CHEST
70,L2109633 - 3 Beechnut Lane.pdf,2-0021045,,FB 3 BEECH
71,L2109630 - 9 Beechnut Lane.pdf,2-0021045,,9 BEECH MID
72,L2109626 - 296 Chestnut Street.pdf,2-0021045,,FB 296 CHEST
73,L2109460 - 300 Chestnut Street.pdf,2-0021045,,300 CHEST
74,L2109632 - 359 Chestnut Street.pdf,2-0021045,,359 CHEST EFF
75,L2109455 - 5 Beechnut Lane.pdf,2-0021045,,5 BEECH
76,L2109460 - 300 Chestnut Street.pdf,2-0021045,,300 CHEST EFF
77,L2109458 - 290 Chestnut Street 2.pdf,2-0021045,,FB 290 CHEST
78,L2109462 - 343 Chestnut Street.pdf,2-0021045,,343 CHEST MID
79,L2112364 - 264 Chestnut Street.pdf,2-0021045,,FB 264 CHEST
80,L2109630 - 9 Beechnut Lane.pdf,2-0021045,,FB 9 BEECH
81,L2109455 - 5 Beechnut Lane.pdf,2-0021045,,FB 5 BEECH
82,L2109458 - 290 Chestnut Street.pdf,2-0021045,,FB 290 CHEST
85,L2112370 - 10 Beechnut Lane.pdf,2-0021045,,FB 10 BEECH
87,L2109463 - 341 Chestnut Street.pdf,2-0021045,,FB 341 CHEST
88,L2109463 - 341 Chestnut Street.pdf,2-0021045,,341 CHEST MID
91,L2109462 - 343 Chestnut Street.pdf,2-0021045,,FB 343 CHEST
92,L2109463 - 341 Chestnut Street.pdf,2-0021045,,341 CHEST EFF
93,Town Hall Well Data - Whitewater.pdf,2-0021072,,TC001G WELL 1 FB
95,L2115773 - 343 Chestnut Street.pdf,2-0021045,,343 CHEST EFF
96,L2115773 - 343 Chestnut Street.pdf,2-0021045,,FB 343 CHEST
97,L2109460 - 300 Chestnut Street.pdf,2-0021045,,FB 300 CHEST
99,1-0021289 - Northfield - Document_ID_613023 (1).pdf,1-0021289,,684-PMR-RAW
100,1-0021289 - Northfield - Document_ID_613023.pdf,1-0021289,,684-PMR-RAW
101,1-0021289 - Northfield - Document_ID_613396.pdf,1-0021289,,23-RVD-RAW
102,1-0021289 - Northfield - Document_ID_613396 (1).pdf,1-0021289,,23-RVD-RAW
103,1-0021289 - Northfield - Document_ID_613379.pdf,1-0021289,,563-PMR-KIT SINK
104,1-0021289 - Northfield - Document_ID_613021.pdf,1-0021289,,101-CR-KIT SINK
105,1-0021289 - Northfield - Document_ID_613021 (1).pdf,1-0021289,,101-CR-KIT SINK
106,1-0021289 - Northfield - Document_ID_613379 (1).pdf,1-0021289,,563-PMR-KIT SINK
107,1-0021289 - Northfield - Document_ID_613396.pdf,1-0021289,,23-RVD-RO-TAP
108,1-0021289 - Northfield - Document_ID_613396 (1).pdf,1-0021289,,23-RVD-RO-TAP
109,1-0021289 - Northfield - Document_ID_613399.pdf,1-0021289,,603-PMR-KIT-SINK
110,1-0021289 - Northfield - Document_ID_613399 (1).pdf,1-0021289,,603-PMR-KIT-SINK
111,1-0021289 - Northfield - Document_ID_613397.pdf,1-0021289,,34-RVD-KIT SINK
112,1-0021289 - Northfield - Document_ID_613397 (1).pdf,1-0021289,,34-RVD-KIT SINK
113,1-0021289 - Northfield - Document_ID_613024 (1).pdf,1-0021289,,700-PMR-KIT SINK
114,1-0021289 - Northfield - Document_ID_613024.pdf,1-0021289,,700-PMR-KIT SINK
115,1-0021289 - Northfield - Document_ID_613269 (1).pdf,1-0021289,,119-CR-KIT SINK
116,1-0021289 - Northfield - Document_ID_613269.pdf,1-0021289,,119-CR-KIT SINK
117,1-0021289 - Northfield - Document_ID_624217 (1).pdf,1-0021289,,FB-6-RVO
118,1-0021289 - Northfield - Document_ID_624217.pdf,1-0021289,,FB-6-RVO
119,1-0021289 - Northfield - Document_ID_613396 (1).pdf,1-0021289,,FB-23 RVD-KIT
120,1-0021289 - Northfield - Document_ID_613396 (1).pdf,1-0021289,,23-RVD-KIT SINK
121,1-0021289 - Northfield - Document_ID_613022.pdf,1-0021289,,609-PMR-KIT SINK
122,1-0021289 - Northfield - Document_ID_613022 (1).pdf,1-0021289,,609-PMR-KIT SINK
123,1-0021289 - Northfield - Document_ID_613395 (1).pdf,1-0021289,,20 RVD-KIT SINK
124,1-0021289 - Northfield - Document_ID_613395.pdf,1-0021289,,20 RVD-KIT SINK
125,1-0021289 - Northfield - Document_ID_613396.pdf,1-0021289,,FB-23 RVD-KIT
126,1-0021289 - Northfield - Document_ID_613396.pdf,1-0021289,,23-RVD-KIT SINK
127,1-0021289 - Northfield - Document_ID_613023.pdf,1-0021289,,684-PMR-KIT SINK
128,1-0021289 - Northfield - Document_ID_613023 (1).pdf,1-0021289,,684-PMR-KIT SINK
129,1-0021289 - Northfield - Document_ID_613395.pdf,1-0021289,,FB-20 RVD RAW
130,1-0021289 - Northfield - Document_ID_613395 (1).pdf,1-0021289,,FB-20 RVD RAW
131,1-0021289 - Northfield - Document_ID_613022 (1).pdf,1-0021289,,609-PMR-RAW
132,1-0021289 - Northfield - Document_ID_613022.pdf,1-0021289,,609-PMR-RAW
133,1-0021289 - Northfield - Document_ID_613379 (1).pdf,1-0021289,,FB-563-PMR-KIT SINK
134,1-0021289 - Northfield - Document_ID_613379.pdf,1-0021289,,FB-563-PMR-KIT SINK
135,1-0021289 - Northfield - Document_ID_613269 (1).pdf,1-0021289,,FB-119-CR-KIT SINK
136,1-0021289 - Northfield - Document_ID_613269.pdf,1-0021289,,FB-119-CR-KIT SINK
137,1-0021289 - Northfield - Document_ID_613397.pdf,1-0021289,,FB-34-RVD-KIT SINK
138,1-0021289 - Northfield - Document_ID_613397 (1).pdf,1-0021289,,FB-34-RVD-KIT SINK
139,1-0021289 - Northfield - Document_ID_624217 (1).pdf,1-0021289,,6-RVD-KIT
140,1-0021289 - Northfield - Document_ID_624217.pdf,1-0021289,,6-RVD-KIT
141,1-0021289 - Northfield - Document_ID_613396.pdf,1-0021289,,FB-23 RVD-RAW
142,1-0021289 - Northfield - Document_ID_613396 (1).pdf,1-0021289,,FB-23 RVD-RAW
143,1-0021289 - Northfield - Document_ID_624219 (1).pdf,1-0021289,,FB-548-PMR
144,1-0021289 - Northfield - Document_ID_624219 (1).pdf,1-0021289,,548-PMR-KIT
145,1-0021289 - Northfield - Document_ID_624219.pdf,1-0021289,,FB-548-PMR
146,1-0021289 - Northfield - Document_ID_624219.pdf,1-0021289,,548-PMR-KIT
147,1-0021289 - Northfield - Document_ID_613395.pdf,1-0021289,,FB-20 RVD-KIT SINK
148,1-0021289 - Northfield - Document_ID_613395 (1).pdf,1-0021289,,FB-20 RVD-KIT SINK
149,1-0021289 - Northfield - Document_ID_613399.pdf,1-0021289,,FB-603-PMR-KIT-SINK
150,1-0021289 - Northfield - Document_ID_613399 (1).pdf,1-0021289,,FB-603-PMR-KIT-SINK
151,1-0021289 - Northfield - Document_ID_613395.pdf,1-0021289,,20-RVD-RAW
152,1-0021289 - Northfield - Document_ID_613395 (1).pdf,1-0021289,,20-RVD-RAW
154,L1945610 - 290 Chestnut 10-02-2019 Final.pdf,2-0020923,,290CHEST-RAW
155,Stow - 33 Carriage Ln - rcvd 10-16-2019.pdf,2-0021075,,33 CARRIAGE LN
156,Stow - 29 Packard - rcvd 10-16-2019.pdf,2-0021075,,29 PACKARD RD FB
157,L1945610 - 290 Chestnut 10-02-2019 Final.pdf,2-0020923,,FB-290-CHEST
158,2-0021075 - Stow - 31 Crescent 03-02-2020.pdf,2-0021075,,31 CRESCENT ST
159,Stow - 33 Carriage Ln - rcvd 10-16-2019.pdf,2-0021075,,33 CARRIAGE LN FB
160,Stow - 26 Carriage Ln - rcvd 10-18-2019.pdf,2-0021075,,26 CARRIAGE LN FB
161,Stow - 37 Packard Rd - rcvd 10-22-2019.pdf,2-0021075,,37 PACKARD RD FB
162,2-0021075 - Stow - 22 Russet 02-28-2020.pdf,2-0021075,,22 RUSSET LANE
163,Stow - 41 Packard Rd - rcvd 10-16-2019.pdf,2-0021075,,41 PACKARD RD
164,Stow - 41 Packard Rd - rcvd 10-16-2019.pdf,2-0021075,,41 PACKARD RD FB
165,2-0021075 - Stow - 338 Great Rd 02-28-2020.pdf,2-0021075,,338 GREAT RD
166,Stow - 25 Packard Rd - rcvd 10-16-2019.pdf,2-0021075,,25 PACKARD RD FB
167,Stow - 27 Carriage Ln - rcvd 10-16-2019.pdf,2-0021075,,27 CARRIAGE LN FB
168,2-0021075 - Stow - 26 Crescent 03-02-2020.pdf,2-0021075,,26 CRESCENT ST
169,2-0021075 - Stow - 20 Crescent 02-28-2020.pdf,2-0021075,,20 CRESCENT ST
171,Stow - 30 Carriage Ln - rcvd 10-18-2019.pdf,2-0021075,,30 CARRIAGE LN FB
172,Stow - 25 Packard Rd - rcvd 10-16-2019.pdf,2-0021075,,25 PACKARD RD
173,Stow - 27 Carriage Ln - rcvd 10-16-2019.pdf,2-0021075,,27 CARRIAGE LN
174,Stow - 29 Packard - rcvd 10-16-2019.pdf,2-0021075,,29 PACKARD RD
175,2-0021075 - Stow - 25 Crescent 02-28-2020.pdf,2-0021075,,25 CRESCENT ST
176,Stow - 26 Carriage Ln - rcvd 10-18-2019.pdf,2-0021075,,26 CARRIAGE LN
177,Stow - 30 Carriage Ln - rcvd 10-18-2019.pdf,2-0021075,,30 CARRIAGE LN
178,Stow - 37 Packard Rd - rcvd 10-22-2019.pdf,2-0021075,,37 PACKARD RD
179,Stow - 30 Russet Ln - rcvd 10-15-2019.pdf,2-0021075,,30 RUSSET LN
180,2-0021075 - Stow - 350 Great Rd 02-28-2020.pdf,2-0021075,,350 GREAT RD
182,2-0021075 - Stow - 25 Crescent 02-28-2020.pdf,2-0021075,,25 CRESCENT ST FB
308,2-0021075 - Stow - 31 Crescent 03-02-2020.pdf,2-0021075,,31 CRESCENT ST FB
585,2-0021075 - Stow - 26 Crescent 03-02-2020.pdf,2-0021075,,26 CRESCENT ST FB
586,2-0021075 - Stow - 338 Great Rd 02-28-2020.pdf,2-0021075,,338 GREAT RD FB
587,2-0021075 - Stow - 350 Great Rd 02-28-2020.pdf,2-0021075,,350 GREAT RD FB
155,2-0021075 - Stow - fmr fire station 16 Crescent GW 2-18-2020.pdf,2-0021075,,other
187,2-0021075 - Stow - fmr fire station 16 Crescent Soil 1-30-2020.pdf,2-0021075,,DISTILLED DECON WATER
195,lab report FA68371 groundwater pfas 09-23-2019.pdf,2-0021045,,FB-WELLS
197,lab report FA68229 surface water sw1.pdf,2-0021045,,FB-SW
329,2-0021075 Stow 38 Russet rcvd 11-22-19.pdf,2-0021075,,38 RUSSET LANE
612,FA71439 - 343 Chestnut - 01-08-2020 Final.pdf,2-0020923,,343-CHEST-MID
613,2-0021075 Stow 2 Crescent rcvd 12-06-19.pdf,2-0021075,,2 CRESCENT FB
614,FA70182 - 9 Beechnut - 11-20-2019 Final.pdf,2-0020923,,9-BEECH-RAW
615,FA70186 - 7 Beechnut - 11-20-2019 Final.pdf,2-0020923,,7-BEECH-TREATED
616,FA71422 - 300 Chestnut - 01-08-2020 Final.pdf,2-0020923,,300-CHEST-RAW
617,FA71422 - 300 Chestnut - 01-08-2020 Final.pdf,2-0020923,,300-CHEST-TREATED
618,FA71425 - 359 Chestnut - 01-08-2020 Final.pdf,2-0020923,,359-CHEST-TREATED
619,FA71422 - 300 Chestnut - 01-08-2020 Final.pdf,2-0020923,,300-CHEST-MID
620,FA71426 - 5 Beechnut - 01-08-2020 Final.pdf,2-0020923,,5-BEECH-RAW
621,FA71424 - 296 Chestnut - 01-08-2020 Final.pdf,2-0020923,,296-CHEST-TREATED
622,FA71424 - 296 Chestnut - 01-08-2020 Final.pdf,2-0020923,,296-CHEST-MID
623,FA70205 - 359 Chestnut - 11-20-2019 Final.pdf,2-0020923,,359-CHEST-MID
624,FA71424 - 296 Chestnut - 01-08-2020 Final.pdf,2-0020923,,296-CHEST-RAW
625,FA71425 - 359 Chestnut - 01-08-2020 Final.pdf,2-0020923,,359-CHEST-MID
626,FA71425 - 359 Chestnut - 01-08-2020 Final.pdf,2-0020923,,359-CHEST-RAW
627,2-0021075 Stow 453 Great Rd rcvd 12-05-19.pdf,2-0021075,,453 GREAT RD
628,FA71439 - 343 Chestnut - 01-08-2020 Final.pdf,2-0020923,,343-CHEST-RAW
629,FA70205 - 359 Chestnut - 11-20-2019 Final.pdf,2-0020923,,359-CHEST-TREATED
630,FA70186 - 7 Beechnut - 11-20-2019 Final.pdf,2-0020923,,7-BEECH-MID
631,FA71439 - 343 Chestnut - 01-08-2020 Final.pdf,2-0020923,,343-CHEST-TREATED
632,FA70205 - 359 Chestnut - 11-20-2019 Final.pdf,2-0020923,,359-CHEST-RAW
633,2-0021075 Stow 66 Packard rcvd 11-27-19 (5).pdf,2-0021075,,66 PACKARD RD
634,FA70183 - 307 Chestnut - 11-20-2019 Final.pdf,2-0020923,,307-CHEST-MID
635,2-0021075 Stow 18 Center rcvd 12-05-19.pdf,2-0021075,,18 CENTER ST FB
636,FA72306 - 308 Chestnut - 02-05-2020 Final.pdf,2-0020923,,308-CHEST-MID
637,2-0021075 Stow 18 Center rcvd 12-05-19.pdf,2-0021075,,18 CENTER ST
638,FA72305 - 290 Chestnut 02-05-2020 Final.pdf,2-0020923,,290-CHEST-TREATED
639,2-0021075 Stow 66 Packard rcvd 11-27-19 (5).pdf,2-0021075,,66 PACKARD RD FB
640,FA72306 - 308 Chestnut - 02-05-2020 Final.pdf,2-0020923,,308-CHEST-TREATED
641,FA70824 - 3 Beechnut - 12-11-2019 Final.pdf,2-0020923,,3-BEECH-MID
642,FA71447 - 3 Stony 01-08-2020 Final.pdf,2-0020923,,3-STONY-TREATED
643,FA70824 - 3 Beechnut - 12-11-2019 Final.pdf,2-0020923,,3-BEECH-TREATED
644,FA71447 - 3 Stony 01-08-2020 Final.pdf,2-0020923,,3-STONY-MID
645,2-0021075 Stow 7 Packard rcvd 12-06-19.pdf,2-0021075,,7 PACKARD RD FB
646,2-0021075 Stow 21 Carriage rcvd 12-06-19.pdf,2-0021075,,21 CARRIAGE LN FB
647,2-0021075 Stow 3 Center rcvd 12-05-19.pdf,2-0021075,,3 CENTER ST
648,2-0021075 Stow 388 Great Rd rcvd 12-05-19.pdf,2-0021075,,388 GREAT RD FB
649,2-0021075 Stow 358 Great Rd rcvd 12-05-19.pdf,2-0021075,,358 GREAT RD FB
650,2-0021075 Stow 4 Crescent rcvd 12-06-19.pdf,2-0021075,,4 CRESCENT FB
651,2-0021075 Stow 5 Center rcvd 12-05-19.pdf,2-0021075,,5 CENTER ST FB
652,2-0021075 Stow 358 Great Rd rcvd 12-05-19.pdf,2-0021075,,358 GREAT RD
653,2-0021075 Stow 53 Packard rcvd 11-27-19 (4).pdf,2-0021075,,53 PACKARD RD FB
654,FA71447 - 3 Stony 01-08-2020 Final.pdf,2-0020923,,3-STONY-RAW
655,FA71446 - 7 Beechnut - 01-08-2020 Final.pdf,2-0020923,,7-BEECH-RAW
656,2-0021075 Stow 6 Crescent rcvd 12-06-19.pdf,2-0021075,,6 CRESCENT RD FB
657,2-0021075 Stow 388 Great Rd rcvd 12-05-19.pdf,2-0021075,,388 GREAT RD
658,2-0021075 Stow 5 Center rcvd 12-05-19.pdf,2-0021075,,5 CENTER ST
659,2-0021075 Stow 22 Carriage rcvd 11-26-19 (8).pdf,2-0021075,,22 CARRIAGE LN
660,2-0021075 Stow 36 Packard rcvd 11-27-19 (9).pdf,2-0021075,,36 PACKARD RD
661,2-0021075 Stow 36 Packard rcvd 11-27-19 (9).pdf,2-0021075,,36 PACKARD RD FB
662,2-0021075 Stow 18 Carriage rcvd 11-26-19 (7).pdf,2-0021075,,18 CARRIAGE LN
663,2-0021075 Stow 14 Carriage rcvd 11-26-19 (6).pdf,2-0021075,,14 CARRIAGE LN
664,FA70183 - 307 Chestnut - 11-20-2019 Final.pdf,2-0020923,,307-CHEST-RAW
665,2-0021075 Stow 22 Carriage rcvd 11-26-19 (8).pdf,2-0021075,,22 CARRIAGE LN FB
666,2-0021075 Stow 10 Carriage rcvd 11-26-19.pdf,2-0021075,,10 CARRIAGE LN
667,2-0021075 Stow 3 Carriage rcvd 11-26-19.pdf,2-0021075,,3 CARRIAGE LN FB
668,2-0021075 Stow 18 Carriage rcvd 11-26-19 (7).pdf,2-0021075,,18 CARRIAGE LN FB
669,2-0021075 Stow 429 Great Rd rcvd 12-18-19.pdf,2-0021075,,other
670,FA70581 - 308 Chestnut - 12-04-2019.pdf,2-0020923,,308-CHEST-RAW
671,2-0021075 Stow 356 Great Rd rcvd 12-05-19.pdf,2-0021075,,356 GREAT RD FB
672,2-0021075 Stow 23Gleasondale rcvd 12-18-2019.pdf,2-0021075,,other
673,2-0021075 Stow 391 Great Rd rcvd 12-18-19.pdf,2-0021075,,other
674,Stow 156 Maple Lab Rpt Document_ID_534428.pdf,2-0021045,,other
676,2-0021075 Stow 16 Gleasondale rcvd 12-18-2019.pdf,2-0021075,,other
677,2-0021075 Stow 22 Gleasondale rcvd 12-18-2019.pdf,2-0021075,,22 GLEASONDALE RD
680,2-0021075 Stow 22 Gleasondale rcvd 12-18-2019.pdf,2-0021075,,other
681,FA72304 - 307 Chestnut - 02-27-2020 Final.pdf,2-0020923,,307-CHEST-RAW
682,FA72304 - 307 Chestnut - 02-27-2020 Final.pdf,2-0020923,,307-CHEST-MID
684,FA72304 - 307 Chestnut - 02-27-2020 Final.pdf,2-0020923,,307-CHEST-TREATED
685,FA70581 - 308 Chestnut - 12-04-2019.pdf,2-0020923,,308-CHEST-TREATED
686,2-0021075 Stow 356 Great Rd rcvd 12-05-19.pdf,2-0021075,,356 GREAT RD
687,2-0021075 Stow 3 Carriage rcvd 11-26-19.pdf,2-0021075,,3 CARRIAGE LN
688,2-0021075 - Stow 156 Maple St  12-23-2019.pdf,2-0021075,,other
689,lab report FA68371 groundwater pfas 09-23-2019.pdf,2-0021045,,CMG-5
690,2-0021075 Stow 368 Great Rd rcvd 12-09-19.pdf,2-0021075,,368 GREAT RD
691,2-0021075 Stow 398 Great Rd rcvd 12-09-19.pdf,2-0021075,,398 GREAT RD
692,lab report FA68371 groundwater pfas 09-23-2019.pdf,2-0021045,,CMG-6
693,FA69693 - 3 Stony 11-06-2019 Final.pdf,2-0020923,,3-STONY BROOK-TREATED
694,FA72323 - 9 Beechnut - 02-05-2020 Final.pdf,2-0020923,,9-BEECH-TREATED
695,2-0021075 - Stow 30 Carriage POET 12-24-19.pdf,2-0021075,,other
696,lab report FA68371 groundwater pfas 09-23-2019.pdf,2-0021045,,CMG-2
697,FA69697 - 5 Beechnut - 11-06-2019 Final.pdf,2-0020923,,5-BEECH-RAW
698,2-0021075 - Stow 33 Carriage POET 12-24-19.pdf,2-0021075,,other
699,FA69267 - 308 Chestnut - 10-23-2019 Final.pdf,2-0020923,,308-CHEST-TREATED
700,FA69697 - 5 Beechnut - 11-06-2019 Final.pdf,2-0020923,,5-BEECH-MID
701,2-0021075 Stow 368 Great Rd rcvd 12-09-19.pdf,2-0021075,,368 GREAT RD FB
702,2-0021075 Stow 394 Great Rd rcvd 12-09-19.pdf,2-0021075,,394 GREAT RD
703,FA69275 - 3 Beechnut - 10-23-2019 Final.pdf,2-0020923,,3-BEECH-RAW
704,lab report FA68371 groundwater pfas 09-23-2019.pdf,2-0021045,,CMG-1
705,2-0021075 - Stow 27 Carriage POET 12-23-19.pdf,2-0021075,,other
707,FA69693 - 3 Stony 11-06-2019 Final.pdf,2-0020923,,3-STONY BROOK-RAW
708,lab report FA68371 groundwater pfas 09-23-2019.pdf,2-0021045,,CMG-4
709,FA69693 - 3 Stony 11-06-2019 Final.pdf,2-0020923,,3-STONY BROOK-MID
710,FA69267 - 308 Chestnut - 10-23-2019 Final.pdf,2-0020923,,308-CHEST-RAW
711,2-0021075 Stow 394 Great Rd rcvd 12-09-19.pdf,2-0021075,,394 GREAT RD FB
712,2-0021075 Stow 398 Great Rd rcvd 12-09-19.pdf,2-0021075,,398 GREAT RD FB
713,lab report FA68371 groundwater pfas 09-23-2019.pdf,2-0021045,,CMG-3
715,FA69267 - 308 Chestnut - 10-23-2019 Final.pdf,2-0020923,,308-CHEST-MID
717,FA69697 - 5 Beechnut - 11-06-2019 Final.pdf,2-0020923,,5-BEECH-TREATED
718,FA69696 - 343 Chestnut - 11-06-2019 Final.pdf,2-0020923,,FB-343-CHEST
719,FA69696 - 343 Chestnut - 11-06-2019 Final.pdf,2-0020923,,343-CHEST-TREATED
720,FA72307 - 300 Chestnut - 02-05-2020 Final.pdf,2-0020923,,300-CHEST-TREATED
721,FA69263 -7 Beechnut - 10-23-2019 Final.pdf,2-0020923,,7-BEECH-TREATED
722,FA72307 - 300 Chestnut - 02-05-2020 Final.pdf,2-0020923,,300-CHEST-MID
724,FA72311 - 341 Chestnut - 02-05-2020 Final.pdf,2-0020923,,341-CHEST-MID
725,FA72312 - 305 Chestnut - 02-05-2020 FInal.pdf,2-0020923,,305-CHEST-MID
726,FA69701 - 264 Chestnut - 11-06-2019 Final.pdf,2-0020923,,264-CHEST-RAW
727,2-0021075 Stow 53 Packard rcvd 11-27-19 (4).pdf,2-0021075,,53 PACKARD RD
728,FA72311 - 341 Chestnut - 02-05-2020 Final.pdf,2-0020923,,341-CHEST-TREATED
729,FA69694 - 305 Chestnut - 11-06-2019 Final.pdf,2-0020923,,305-CHEST-TREATED
730,FA69264 - 300 Chestnut - 10-23-2019 Final.pdf,2-0020923,,300-CHEST-TREATED
731,FA72320 - 3 Beechnut - 02-27-2020 Final.pdf,2-0020923,,3-BEECH-TREATED
732,FA72320 - 3 Beechnut - 02-27-2020 Final.pdf,2-0020923,,3-BEECH-MID
733,FA69694 - 305 Chestnut - 11-06-2019 Final.pdf,2-0020923,,305-CHEST-RAW
734,FA72315 - 343 Chestnut - 02-27-2020 Final.pdf,2-0020923,,343-CHEST-MID
735,FA72320 - 3 Beechnut - 02-27-2020 Final.pdf,2-0020923,,3-BEECH-RAW
736,FA72315 - 343 Chestnut - 02-27-2020 Final.pdf,2-0020923,,343-CHEST-TREATED
737,FA69694 - 305 Chestnut - 11-06-2019 Final.pdf,2-0020923,,305-CHEST-MID
739,FA72315 - 343 Chestnut - 02-27-2020 Final.pdf,2-0020923,,343-CHEST-RAW
740,FA72306 - 308 Chestnut - 02-05-2020 Final.pdf,2-0020923,,308-CHEST-RAW
741,FA69264 - 300 Chestnut - 10-23-2019 Final.pdf,2-0020923,,300-CHEST-RAW
742,FA72305 - 290 Chestnut 02-05-2020 Final.pdf,2-0020923,,290-CHEST-MID
743,FA69264 - 300 Chestnut - 10-23-2019 Final.pdf,2-0020923,,300-CHEST-MID
744,FA69263 -7 Beechnut - 10-23-2019 Final.pdf,2-0020923,,7-BEECH-MID
745,lab report FA68371 groundwater pfas 09-23-2019.pdf,2-0021045,,DUP-WELLS
747,FA72321 - 5 Beechnut - 02-05-2020 Final.pdf,2-0020923,,5-BEECH-RAW
748,FA72316 - 264 Chestnut - 02-05-2020 Final.pdf,2-0020923,,264-CHEST-TREATED
749,FA69701 - 264 Chestnut - 11-06-2019 Final.pdf,2-0020923,,264-CHEST-TREATED
750,FA72316 - 264 Chestnut - 02-05-2020 Final.pdf,2-0020923,,264-CHEST-MID
751,FA69266 - 307 Chestnut - 10-23-2019 Final.pdf,2-0020923,,307-CHEST-MID
752,FA72323 - 9 Beechnut - 02-05-2020 Final.pdf,2-0020923,,9-BEECH-MID
753,FA72323 - 9 Beechnut - 02-05-2020 Final.pdf,2-0020923,,9-BEECH-RAW
754,FA69696 - 343 Chestnut - 11-06-2019 Final.pdf,2-0020923,,343-CHEST-RAW
755,FA72323 - 9 Beechnut - 02-05-2020 Final.pdf,2-0020923,,FB-9-BEECH
756,FA72322 - 7 Beechnut - 02-05-2020 Final.pdf,2-0020923,,7-BEECH-RAW
757,FA72321 - 5 Beechnut - 02-05-2020 Final.pdf,2-0020923,,5-BEECH-TREATED
758,FA69266 - 307 Chestnut - 10-23-2019 Final.pdf,2-0020923,,307-CHEST-TREATED
759,FA72321 - 5 Beechnut - 02-05-2020 Final.pdf,2-0020923,,5-BEECH-MID
760,FA72313 - 296 Chestnut - 02-05-2020 Final.pdf,2-0020923,,296-CHEST-TREATED
761,FA72313 - 296 Chestnut - 02-05-2020 Final.pdf,2-0020923,,296-CHEST-MID
762,2-0021075 - Stow  13 Crescent st  12-26-2019.pdf,2-0021075,,other
763,FA69263 -7 Beechnut - 10-23-2019 Final.pdf,2-0020923,,7-BEECH-RAW
764,FA69266 - 307 Chestnut - 10-23-2019 Final.pdf,2-0020923,,307-CHEST-RAW
765,FA72312 - 305 Chestnut - 02-05-2020 FInal.pdf,2-0020923,,305-CHEST-TREATED
766,FA69696 - 343 Chestnut - 11-06-2019 Final.pdf,2-0020923,,343-CHEST-MID
767,FA72314 - 3 Stony Brook 02-05-2020 Final.pdf,2-0020923,,3-STONY-RAW
768,FA72316 - 264 Chestnut - 02-05-2020 Final.pdf,2-0020923,,264-CHEST-RAW
769,FA72314 - 3 Stony Brook 02-05-2020 Final.pdf,2-0020923,,3-STONY-TREATED
770,2-0021075 Stow 360 Great Rd rcvd 12-09-19.pdf,2-0021075,,360 GREAT RD FB
771,FA69701 - 264 Chestnut - 11-06-2019 Final.pdf,2-0020923,,264-CHEST-MID
772,FA72314 - 3 Stony Brook 02-05-2020 Final.pdf,2-0020923,,3-STONY-MID
773,FA70183 - 307 Chestnut - 11-20-2019 Final.pdf,2-0020923,,307-CHEST-TREATED
774,FA68637 - 3 Stony 10-02-2019 Final.pdf,2-0020923,,3-STONY BROOK-TREATED
775,FA69278 - 359 Chestnut - 11-04-2019 Final.pdf,2-0020923,,FB-359-CHEST
776,FA68637 - 3 Stony 10-02-2019 Final.pdf,2-0020923,,3-STONY BROOK-MID
777,FA69277 - 343 Chestnut - 10-23-2019 Final.pdf,2-0020923,,343-CHEST-TREATED
778,FA68635 - 9 Beechnut - 10-02-2019 Final.pdf,2-0020923,,9-BEECH-RAW
779,FA68635 - 9 Beechnut - 10-02-2019 Final.pdf,2-0020923,,FB-9-BEECH
781,FA68637 - 3 Stony 10-02-2019 Final.pdf,2-0020923,,3-STONY BROOK-RAW
782,FA68408 - 4 Cranberry - 09-25-2019 Final.pdf,2-0020439,,4-CRANBERRY
783,FA69278 - 359 Chestnut - 11-04-2019 Final.pdf,2-0020923,,359-CHEST-RAW
784,FA68633 - 305 Chestnut - 10-02-2019 Final.pdf,2-0020923,,305-CHEST-RAW
786,FA69278 - 359 Chestnut - 11-04-2019 Final.pdf,2-0020923,,359-CHEST-MID
787,FA68636 - 5 Beechnut - 10-02-2019 Final.pdf,2-0020923,,5-BEECH-RAW
788,FA68636 - 5 Beechnut - 10-02-2019 Final.pdf,2-0020923,,5-BEECH-TREATED
789,FA68636 - 5 Beechnut - 10-02-2019 Final.pdf,2-0020923,,5-BEECH-MID
791,FA68635 - 9 Beechnut - 10-02-2019 Final.pdf,2-0020923,,9-BEECH-MID
792,FA70572 - 264 - 12-04-2019 Final.pdf,2-0020923,,264-CHEST-RAW
793,FA69276 - 341 Chestnut - 10-23-2019 Final.pdf,2-0020923,,341-CHEST-TREATED
795,FA70572 - 264 - 12-04-2019 Final.pdf,2-0020923,,264-CHEST-MID
796,FA70569 - 5 Beechnut - 12-04-2019 Final.pdf,2-0020923,,5-BEECH-TREATED
797,2-0021075 Stow 441 Great Rd rcvd 12-09-19.pdf,2-0021075,,441 GREAT RD FB
798,FA70569 - 5 Beechnut - 12-04-2019 Final.pdf,2-0020923,,5-BEECH-RAW
799,FA69276 - 341 Chestnut - 10-23-2019 Final.pdf,2-0020923,,341-CHEST-MID
800,FA70569 - 5 Beechnut - 12-04-2019 Final.pdf,2-0020923,,5-BEECH-MID
801,FA68409 - 8 Beechnut - 09-25-2019 Final.pdf,2-0020923,,8-BEECHNUT
802,FA68409 - 8 Beechnut - 09-25-2019 Final.pdf,2-0020923,,FB-8-BEECHNUT
803,FA68635 - 9 Beechnut - 10-02-2019 Final.pdf,2-0020923,,9-BEECH-TREATED
804,FA69277 - 343 Chestnut - 10-23-2019 Final.pdf,2-0020923,,343-CHEST-MID
805,2-0021075 Stow 441 Great Rd rcvd 12-09-19.pdf,2-0021075,,441 GREAT RD S
806,FA69277 - 343 Chestnut - 10-23-2019 Final.pdf,2-0020923,,FB-343-CHEST
807,FA70572 - 264 - 12-04-2019 Final.pdf,2-0020923,,264-CHEST-TREATED
808,FA69277 - 343 Chestnut - 10-23-2019 Final.pdf,2-0020923,,343-CHEST-RAW
810,2-0021075 Stow 19 Center rcvd 12-09-19.pdf,2-0021075,,19 CENTER PL FB
811,2-0021075 Stow 6-8 Center rcvd 12-16-19.pdf,2-0021075,,6-8 CENTER PL FB
812,2-0021075 Stow 6-8 Center rcvd 12-16-19.pdf,2-0021075,,6-8 CENTER PL
813,FA70186 - 7 Beechnut - 11-20-2019 Final.pdf,2-0020923,,7-BEECH-RAW
814,FA68414 - 3 Beechnut - 09-25-2019 Final.pdf,2-0020923,,3-BEECH-TREATED
815,FA68410 - 300 Chestnut -09-25-2019 Final.pdf,2-0020923,,300-CHEST-TREATED
816,2-0021075 Stow 84 Boxboro Rd rcvd 12-16-19.pdf,2-0021075,,84 BOXBORO RD
817,2-0021075 Stow 72 Boxboro Rd rcvd 12-09-19.pdf,2-0021075,,72 BOXBORO RD
818,FA70187 - 3 Beechnut - 11-20-2019 Final.pdf,2-0020923,,3-BEECH-MID
819,2-0021075 Stow 29 Gleasondale rcvd 12-18-2019.pdf,2-0021075,,other
820,FA70187 - 3 Beechnut - 11-20-2019 Final.pdf,2-0020923,,3-BEECH-RAW
821,FA68404 - 308 Chestnut - 09-25-2019 Final.pdf,2-0020923,,308-CHEST-RAW
822,2-0021075 Stow 72 Boxboro Rd rcvd 12-09-19.pdf,2-0021075,,72 BOXBORO RD FB
824,FA70187 - 3 Beechnut - 11-20-2019 Final.pdf,2-0020923,,3-BEECH-TREATED
825,FA68414 - 3 Beechnut - 09-25-2019 Final.pdf,2-0020923,,3-BEECH-RAW
826,FA68620 - 296 Chestnut - 10-02-2019 Final.pdf,2-0020923,,296-CHEST-RAW
827,2-0021075 Stow 84 Boxboro Rd rcvd 12-16-19.pdf,2-0021075,,84 BOXBORO RD FB
828,2-0021075 Stow 360 Great Rd rcvd 12-09-19.pdf,2-0021075,,360 GREAT RD
829,FA69278 - 359 Chestnut - 11-04-2019 Final.pdf,2-0020923,,359-CHEST-TREATED
830,FA68623 - 264 Chestnut - 10-02-2019 Final.pdf,2-0020923,,264-CHEST-RAW
832,FA68412 - 359 Chestnut - 09-25-2019 Final.pdf,2-0020923,,359-CHEST-TREATED
833,2-0021075 Stow 11 Crescent rcvd 12-18-19.pdf,2-0021075,,other
835,FA70189 - 341 Chestnut - 11-20-2019 Final.pdf,2-0020923,,341-CHEST-MID
836,FA68414 - 3 Beechnut - 09-25-2019 Final.pdf,2-0020923,,3-BEECH-MID
837,FA70189 - 341 Chestnut - 11-20-2019 Final.pdf,2-0020923,,341-CHEST-TREATED
838,2-0021075 Stow 19 Center rcvd 12-09-19.pdf,2-0021075,,19 CENTER PL
839,FA68412 - 359 Chestnut - 09-25-2019 Final.pdf,2-0020923,,FB-359-CHEST
840,FA68412 - 359 Chestnut - 09-25-2019 Final.pdf,2-0020923,,359-CHEST-MID
841,FA70189 - 341 Chestnut - 11-20-2019 Final.pdf,2-0020923,,341-CHEST-RAW
842,FA68412 - 359 Chestnut - 09-25-2019 Final.pdf,2-0020923,,359-CHEST-RAW
844,FA71442 - 305 Chestnut - 01-08-2020 Final.pdf,2-0020923,,305-CHEST-TREATED
845,FA69275 - 3 Beechnut - 10-23-2019 Final.pdf,2-0020923,,3-BEECH-TREATED
846,FA69276 - 341 Chestnut - 10-23-2019 Final.pdf,2-0020923,,341-CHEST-RAW
847,FA71443 - 264 Chestnut - 01-08-2020 Final.pdf,2-0020923,,264-CHEST-TREATED
849,FA71441 - 307 Chestnut - 01-08-2020 Final.pdf,2-0020923,,307-CHEST-MID
850,FA71441 - 307 Chestnut - 01-08-2020 Final.pdf,2-0020923,,307-CHEST-RAW
851,FA71440 - 341 Chestnut - 01-08-2020 Final.pdf,2-0020923,,341-CHEST-TREATED
852,FA71441 - 307 Chestnut - 01-08-2020 Final.pdf,2-0020923,,307-CHEST-TREATED
853,FA71442 - 305 Chestnut - 01-08-2020 Final.pdf,2-0020923,,305-CHEST-RAW
854,FA71443 - 264 Chestnut - 01-08-2020 Final.pdf,2-0020923,,264-CHEST-MID
855,FA71442 - 305 Chestnut - 01-08-2020 Final.pdf,2-0020923,,305-CHEST-MID
857,FA71445 - 9 Beechnut - 01-08-2020 Final.pdf,2-0020923,,9-BEECH-RAW
858,FA71444 - 308 Chestnut - 01-08-2020 Final.pdf,2-0020923,,308-CHEST-TREATED
859,2-0021075 Stow 441 Great Rd rcvd 12-09-19.pdf,2-0021075,,441 GREAT RD
860,FA71445 - 9 Beechnut - 01-08-2020 Final.pdf,2-0020923,,9-BEECH-TREATED
861,FA71444 - 308 Chestnut - 01-08-2020 Final.pdf,2-0020923,,308-CHEST-RAW
862,FA71440 - 341 Chestnut - 01-08-2020 Final.pdf,2-0020923,,341-CHEST-RAW
863,FA71440 - 341 Chestnut - 01-08-2020 Final.pdf,2-0020923,,341-CHEST-MID
864,FA71445 - 9 Beechnut - 01-08-2020 Final.pdf,2-0020923,,9-BEECH-MID
865,FA71443 - 264 Chestnut - 01-08-2020 Final.pdf,2-0020923,,264-CHEST-RAW
866,FA71444 - 308 Chestnut - 01-08-2020 Final.pdf,2-0020923,,308-CHEST-MID
867,FA69275 - 3 Beechnut - 10-23-2019 Final.pdf,2-0020923,,3-BEECH-MID
869,lab report FA68229 surface water sw1.pdf,2-0021045,,SURFACE-W-1
870,FA68403 - 307 Chestnut -09-25-2019 Final.pdf,2-0020923,,307-CHEST-MID
871,FA68404 - 308 Chestnut - 09-25-2019 Final.pdf,2-0020923,,308-CHEST-TREATED
872,2-0021075 Stow 2 Box Hill rcvd 12-09-19.pdf,2-0021075,,2 BOX HILL RD FB
873,2-0021075 Stow 15 Center rcvd 12-09-19.pdf,2-0021075,,15 CENTER PL FB
874,FA68403 - 307 Chestnut -09-25-2019 Final.pdf,2-0020923,,307-CHEST-TREATED
875,2-0021075 Stow 15 Center rcvd 12-09-19.pdf,2-0021075,,15 CENTER PL
876,2-0021075 Stow 10 Center rcvd 12-09-19.pdf,2-0021075,,10 CENTER PL FB
878,lab report FA68136 stormwater_waste_wetland soil 09-17-2019.pdf,2-0021045,,FB-PUMP-H
879,FA68620 - 296 Chestnut - 10-02-2019 Final.pdf,2-0020923,,296-CHEST-MID
880,FA68622 - 290 Chestnut 10-02-2019 to be revised.pdf,2-0020923,,290-CHEST-RAW
881,2-0021075 Stow 54 Packard rcvd 11-25-19 (11).pdf,2-0021075,,54 PACKARD RD
882,2-0021075 Stow 45 Packard rcvd 11-25-19 (10).pdf,2-0021075,,45 PACKARD RD FB
883,lab report FA68136 stormwater_waste_wetland soil 09-17-2019.pdf,2-0021045,,16000-GAL-SEPTIC
884,lab report FA68136 stormwater_waste_wetland soil 09-17-2019.pdf,2-0021045,,DMH-302
885,FA69702 - 296 Chestnut - 11-06-2019 Final.pdf,2-0020923,,296-CHEST-TREATED
886,lab report FA68136 stormwater_waste_wetland soil 09-17-2019.pdf,2-0021045,,CB-301-A
887,FA68620 - 296 Chestnut - 10-02-2019 Final.pdf,2-0020923,,296-CHEST-TREATED
888,FA70581 - 308 Chestnut - 12-04-2019.pdf,2-0020923,,308-CHEST-MID
889,lab report FA68136 stormwater_waste_wetland soil 09-17-2019.pdf,2-0021045,,CB-RIM 203.97
890,lab report FA68371 groundwater pfas 09-23-2019.pdf,2-0021045,,CMG-7
892,FA69703 - 290 Chestnut 11-06-2019 Final.pdf,2-0020923,,290-CHEST-RAW
893,FA68622 - 290 Chestnut 10-02-2019 Revised.pdf,2-0020923,,290-CHEST-TREATED
894,lab report FA68136 stormwater_waste_wetland soil 09-17-2019.pdf,2-0021045,,other
896,FA71426 - 5 Beechnut - 01-08-2020 Final.pdf,2-0020923,,5-BEECH-MID
897,FA68410 - 300 Chestnut -09-25-2019 Final.pdf,2-0020923,,300-CHEST-RAW
898,2-0021075 Stow 69 Packard rcvd 11-25-19 (2).pdf,2-0021075,,69 PACKARD RD FB
899,FA68410 - 300 Chestnut -09-25-2019 Final.pdf,2-0020923,,300-CHEST-MID
900,FA71426 - 5 Beechnut - 01-08-2020 Final.pdf,2-0020923,,5-BEECH-TREATED
901,FA68404 - 308 Chestnut - 09-25-2019 Final.pdf,2-0020923,,308-CHEST-MID
903,2-0021075 Stow 63 Packard rcvd 11-25-19 (1).pdf,2-0021075,,63 PACKARD RD
904,FA68407 - 7 Beechnut - 09-25-2019 Final.pdf,2-0020923,,7-BEECH-RAW
905,FA69702 - 296 Chestnut - 11-06-2019 Final.pdf,2-0020923,,296-CHEST-RAW
908,FA68622 - 290 Chestnut 10-02-2019 Reissued Final.pdf,2-0020923,,290-CHEST-TREATED
909,FA68622 - 290 Chestnut 10-02-2019 Reissued Final.pdf,2-0020923,,290-CHEST-MID
910,lab report FA68136 stormwater_waste_wetland soil 09-17-2019.pdf,2-0021045,,EXISTING-D-BASIN WATER
911,FA68411 - 341 Chestnut - 09-25-2019 Final.pdf,2-0020923,,341-CHEST-TREATED
913,lab report FA68136 stormwater_waste_wetland soil 09-17-2019.pdf,2-0021045,,DUP-2
914,FA68622 - 290 Chestnut 10-02-2019 Revised.pdf,2-0020923,,290-CHEST-MID
915,2-0021075 Stow 54 Packard rcvd 11-25-19 (11).pdf,2-0021075,,54 PACKARD RD FB
917,FA69703 - 290 Chestnut 11-06-2019 Final.pdf,2-0020923,,290-CHEST-MID
918,FA69703 - 290 Chestnut 11-06-2019 Final.pdf,2-0020923,,290-CHEST-TREATED
920,FA68411 - 341 Chestnut - 09-25-2019 Final.pdf,2-0020923,,341-CHEST-RAW
921,2-0021075 Stow 69 Packard rcvd 11-25-19 (2).pdf,2-0021075,,69 PACKARD RD
922,FA68411 - 341 Chestnut - 09-25-2019 Final.pdf,2-0020923,,341-CHEST-MID
924,FA72311 - 341 Chestnut - 02-05-2020 Final.pdf,2-0020923,,341-CHEST-RAW
925,FA70182 - 9 Beechnut - 11-20-2019 Final.pdf,2-0020923,,9-BEECH-MID
926,FA72312 - 305 Chestnut - 02-05-2020 FInal.pdf,2-0020923,,305-CHEST-RAW
928,FA70573 - 305 Chestnut - 12-04-2020 Final.pdf,2-0020923,,305-CHEST-TREATED
929,2-0021075 Stow 2 Crescent rcvd 12-06-19.pdf,2-0021075,,2 CRESCENT
930,FA70575 - 343 Chestnut - 12-04-2019 Final.pdf,2-0020923,,343-CHEST-RAW
932,FA70575 - 343 Chestnut - 12-04-2019 Final.pdf,2-0020923,,343-CHEST-TREATED
933,FA70578 - 290 Chestnut 12-04-2019 Final.pdf,2-0020923,,290-CHEST-RAW
934,FA70577 - 3 Stony 12-04-2019 Final.pdf,2-0020923,,3-STONY-RAW
935,2-0021075 Stow 2 Box Hill rcvd 12-09-19.pdf,2-0021075,,2 BOX HILL RD
936,FA72307 - 300 Chestnut - 02-05-2020 Final.pdf,2-0020923,,300-CHEST-RAW
937,FA70578 - 290 Chestnut 12-04-2019 Final.pdf,2-0020923,,290-CHEST-MID
938,FA70575 - 343 Chestnut - 12-04-2019 Final.pdf,2-0020923,,343-CHEST-MID
939,2-0021075 Stow 72 Packard rcvd 11-25-19 (3).pdf,2-0021075,,72 PACKARD RD
940,lab report FA68135 white pond 09-17-2019.pdf,2-0021045,,DUP-1
941,2-0021075 Stow 6 Crescent rcvd 12-06-19.pdf,2-0021075,,6 CRESCENT RD
942,FA70824 - 3 Beechnut - 12-11-2019 Final.pdf,2-0020923,,FB-3-BEECH
943,FA70824 - 3 Beechnut - 12-11-2019 Final.pdf,2-0020923,,3-BEECH-RAW
944,2-0021075 Stow 7 Packard rcvd 12-06-19.pdf,2-0021075,,7 PACKARD RD
945,FA68403 - 307 Chestnut -09-25-2019 Final.pdf,2-0020923,,307-CHEST-RAW
947,FA70578 - 290 Chestnut 12-04-2019 Final.pdf,2-0020923,,290-CHEST-TREATED
948,FA70573 - 305 Chestnut - 12-04-2020 Final.pdf,2-0020923,,305-CHEST-RAW
949,2-0021075 Stow 21 Carriage rcvd 12-06-19.pdf,2-0021075,,21 CARRIAGE LN
950,FA70573 - 305 Chestnut - 12-04-2020 Final.pdf,2-0020923,,305-CHEST-MID
951,FA72313 - 296 Chestnut - 02-05-2020 Final.pdf,2-0020923,,296-CHEST-RAW
952,FA70182 - 9 Beechnut - 11-20-2019 Final.pdf,2-0020923,,9-BEECH-TREATED
953,2-0021075 Stow 4 Crescent rcvd 12-06-19.pdf,2-0021075,,4 CRESCENT
954,FA70824 - 3 Beechnut - 12-11-2019 Final.pdf,2-0020923,,DUP 3B
955,2-0021075 Stow 7 Center rcvd 12-09-19.pdf,2-0021075,,7 CENTER PL FB
957,lab report FA68135 white pond 09-17-2019.pdf,2-0021045,,other
958,FA68623 - 264 Chestnut - 10-02-2019 Final.pdf,2-0020923,,264-CHEST-MID
959,FA70579 - 300 Chestnut - 12-04-2019 Final.pdf,2-0020923,,300-CHEST-RAW
960,2-0021075 Stow 72 Packard rcvd 11-25-19 (3).pdf,2-0021075,,72 PACKARD RD FB
962,2-0021075 Stow 7 Center rcvd 12-09-19.pdf,2-0021075,,7 CENTER PL
963,FA68623 - 264 Chestnut - 10-02-2019 Final.pdf,2-0020923,,264-CHEST-TREATED
964,FA70579 - 300 Chestnut - 12-04-2019 Final.pdf,2-0020923,,300-CHEST-MID
965,FA68633 - 305 Chestnut - 10-02-2019 Final.pdf,2-0020923,,305-CHEST-MID
966,2-0021075 Stow 45 Packard rcvd 11-25-19 (10).pdf,2-0021075,,45 PACKARD RD
967,lab report FA68136 stormwater_waste_wetland soil 09-17-2019.pdf,2-0021045,,PUMP-H-WATER
968,FA68622 - 290 Chestnut 10-02-2019 to be revised.pdf,2-0020923,,290-CHEST-MID
969,2-0021075 Stow 63 Packard rcvd 11-25-19 (1).pdf,2-0021075,,63 PACKARD RD FB
970,FA70579 - 300 Chestnut - 12-04-2019 Final.pdf,2-0020923,,300-CHEST-TREATED
971,FA68622 - 290 Chestnut 10-02-2019 to be revised.pdf,2-0020923,,290-CHEST-TREATED
972,FA69702 - 296 Chestnut - 11-06-2019 Final.pdf,2-0020923,,296-CHEST-MID
974,2-0021075 Stow 10 Center rcvd 12-09-19.pdf,2-0021075,,10 CENTER PL
976,FA70577 - 3 Stony 12-04-2019 Final.pdf,2-0020923,,3-STONY-MID
979,lab report FA68135 white pond 09-17-2019.pdf,2-0021045,,FB-WP-1
980,FA72305 - 290 Chestnut 02-05-2020 Final.pdf,2-0020923,,290-CHEST-RAW
983,FA70577 - 3 Stony 12-04-2019 Final.pdf,2-0020923,,3-STONY-TREATED
984,FA68633 - 305 Chestnut - 10-02-2019 Final.pdf,2-0020923,,305-CHEST-TREATED
179,Town Hall Well Data - Whitewater.pdf,2-0021072,,FINISH-TC001G WELL 1
181,Town Hall Well Data - Whitewater.pdf,2-0021072,,FB
194,4-0027571 - West Tisbury - Document_ID_481365 DW X.pdf,4-0027571,,PROPERTY AF
195,4-0027571 - West Tisbury - Document_ID_481365 DW BJ.pdf,4-0027571,,PROPERTY AU
196,4-0027571 - West Tisbury - Document_ID_481365 DW AJ.pdf,4-0027571,,PROPERTY V
197,L1930186 - 290 Chestnut 07-10-19 Final.pdf,2-0020923,,290-CHEST-TREATED
198,L1930190 - 296 Chestnut - 07-10-2019 Final.pdf,2-0020923,,296-CHEST-RAW
200,4-0027571 - West Tisbury - Document_ID_481365 DW AY.pdf,4-0027571,,PROPERTY BE
201,4-0027571 - West Tisbury - Document_ID_481365 DW CA.pdf,4-0027571,,PROPERTY CB
202,4-0027571 - West Tisbury - Document_ID_481365 DW CD.pdf,4-0027571,,PROPERTY CD
203,4-0027571 - West Tisbury - Document_ID_481365 DW AQ.pdf,4-0027571,,PROPERTY D-2
204,4-0027571 - West Tisbury - Document_ID_481365 DW A.pdf,4-0027571,,12 COFFINS FIELD
205,4-0027571 - West Tisbury - Document_ID_481365 DW CO.pdf,4-0027571,,PROPERTY CO
207,4-0027571 - West Tisbury - Document_ID_481365 DW DC.pdf,4-0027571,,PROPERTY CQ
208,4-0027571 - West Tisbury - Document_ID_481365 DW B.pdf,4-0027571,,11 COFFINS FIELD
209,4-0027571 - West Tisbury - Document_ID_481365 DW BM.pdf,4-0027571,,PROPERTY BM
210,4-0027571 - West Tisbury - Document_ID_481365 DW CH.pdf,4-0027571,,PROPERTY BV
211,4-0027571 - West Tisbury - Document_ID_481365 DW BR.pdf,4-0027571,,PROPERTY BH
212,4-0027571 - West Tisbury - Document_ID_481365 DW BP.pdf,4-0027571,,PROPERTY BN
213,4-0027571 - West Tisbury - Document_ID_481365 DW BI.pdf,4-0027571,,PROPERTY AS
214,4-0027571 - West Tisbury - Document_ID_481365 DW AC.pdf,4-0027571,,PROPERTY AI
215,4-0027571 - West Tisbury - Document_ID_481365 DW E.pdf,4-0027571,,PROPERTY-A
216,4-0027571 - West Tisbury - Document_ID_481365 DW AU.pdf,4-0027571,,PROPERTY BL
217,4-0027571 - West Tisbury - Document_ID_481365 DW AW.pdf,4-0027571,,PROPERTY BP
218,4-0027571 - West Tisbury - Document_ID_481365 DW AG.pdf,4-0027571,,PROPERTY X
234,4-0027571 - West Tisbury - Document_ID_481365 DW CI.pdf,4-0027571,,PROPERTY BZ
239,4-0027571 - West Tisbury - Document_ID_481365 DW CU.pdf,4-0027571,,11 COFFINS FIELD TREATED
241,4-0027571 - West Tisbury - Document_ID_481365 DW CW.pdf,4-0027571,,11 COFFINS FIELD TREATED
243,4-0027571 - West Tisbury - Document_ID_481365 DW CQ.pdf,4-0027571,,PROPERTY CL
244,4-0027571 - West Tisbury - Document_ID_481365 DW CS.pdf,4-0027571,,11 COFFINS FIELD TREATED
245,4-0027571 - West Tisbury - Document_ID_481365 DW CR.pdf,4-0027571,,11 COFFINS FIELD TREATED
246,4-0027571 - West Tisbury - Document_ID_481365 DW CT.pdf,4-0027571,,11 COFFINS FIELD TREATED
254,3-0036774 - Natick - Document_ID_603323 MW.pdf,3-0036774,,GZ-3
257,3-0036774 - Natick - Document_ID_603323 MW.pdf,3-0036774,,MW-3S
259,4-0027571 - West Tisbury - Document_ID_481365 DW BS.pdf,4-0027571,,PROPERTY BQ
262,3-0036774 - Natick - Document_ID_603323.pdf,3-0036774,,MW-3S
263,3-0036774 - Natick - Document_ID_603323.pdf,3-0036774,,GZ-3
264,L1930186 - 290 Chestnut 07-10-19 Final.pdf,2-0020923,,290-CHEST-MID
266,4-0027571 - West Tisbury - Document_ID_481365 DW AL.pdf,4-0027571,,PROPERTY AA
268,4-0027571 - West Tisbury - Document_ID_481365 DW BG.pdf,4-0027571,,PROPERTY BD
269,L1929240 - 308 Chestnut - 07-03-2019 Final.pdf,2-0020923,,308-CHEST-MID
270,3-0036774 - Natick - Document_ID_603323 MW A.pdf,3-0036774,,CE-7
271,4-0027571 - West Tisbury - Document_ID_481365 DW CJ.pdf,4-0027571,,PROPERTY BU
273,4-0027571 - West Tisbury - Document_ID_481365 DW F.pdf,4-0027571,,PROPERTY-B
274,4-0027571 - West Tisbury - Document_ID_481365 DW DB.pdf,4-0027571,,PROPERTY CN
275,3-0036774 - Natick - Document_ID_603323.pdf,3-0036774,,CE-7
277,L1929240 - 308 Chestnut - 07-03-2019 prelim.pdf,2-0020923,,308-CHEST-MID
278,L1929240 - 308 Chestnut - 07-03-2019 prelim.pdf,2-0020923,,308-CHEST-TREATED
279,L1929240 - 308 Chestnut - 07-03-2019 Final.pdf,2-0020923,,308-CHEST-TREATED
280,4-0027571 - West Tisbury - Document_ID_481365 DW BF.pdf,4-0027571,,PROPERTY BJ
283,3-0036774 - Natick - Document_ID_603323.pdf,3-0036774,,CE-6
284,4-0027571 - West Tisbury - Document_ID_481365 DW DD.pdf,4-0027571,,PROPERTY CT
285,3-0036774 - Natick - Document_ID_603323.pdf,3-0036774,,CE-10
286,3-0036774 - Natick - Document_ID_603323 MW A.pdf,3-0036774,,CE-6
289,L1930188 -3 Stony 07-10-2019 Prelim.pdf,2-0020923,,3-STONY-TREATED
292,4-0027571 - West Tisbury - Document_ID_481365 DW BK.pdf,4-0027571,,PROPERTY AZ
293,L1930188 - 3 Stony 07-10-2019 Final.pdf,2-0020923,,3-STONY-TREATED
294,L1930191 - 305 Chestnut - 07-10-2019 Final.pdf,2-0020923,,305-CHEST-TREATED
295,4-0027571 - West Tisbury - Document_ID_481365 DW CV.pdf,4-0027571,,PROPERTY CR
297,4-0027571 - West Tisbury - Document_ID_481365 DW CY.pdf,4-0027571,,PROPERTY BY
298,4-0027571 - West Tisbury - Document_ID_481365 DW AO.pdf,4-0027571,,PROPERTY-Y
303,L1927592 - 296 Chestnut - 06-25-2019 Final.pdf,2-0020923,,296 CHEST
304,4-0027571 - West Tisbury - Document_ID_481365 DW CK.pdf,4-0027571,,PROPERTY CJ
305,4-0027571 - West Tisbury - Document_ID_481365 DW U.pdf,4-0027571,,PROPERTY AK
307,3-0036774 - Natick - Document_ID_603323 MW A.pdf,3-0036774,,CE-8
309,4-0027571 - West Tisbury - Document_ID_481365 DW BZ.pdf,4-0027571,,PROPERTY CC
310,3-0036774 - Natick - Document_ID_603323.pdf,3-0036774,,CE-3
311,3-0036774 - Natick - Document_ID_603323.pdf,3-0036774,,CE-1
313,4-0027571 - West Tisbury - Document_ID_481365 DW CZ.pdf,4-0027571,,PROPERTY CP
314,3-0036774 - Natick - Document_ID_603323.pdf,3-0036774,,GZ-2S
316,3-0036774 - Natick - Document_ID_603323.pdf,3-0036774,,CE-8
319,4-0027571 - West Tisbury - Document_ID_481365 DW AN.pdf,4-0027571,,PROPERTY Z
320,3-0036774 - Natick - Document_ID_603323 MW.pdf,3-0036774,,GZ-2S
321,4-0027571 - West Tisbury - Document_ID_481365 DW H.pdf,4-0027571,,PROPERTY-F
322,L1929244 - 290 Chestnut 07-03-19 Final.pdf,2-0020923,,290-CHEST-MID
323,3-0036774 - Natick - Document_ID_603323.pdf,3-0036774,,JFK-4
324,3-0036774 - Natick - Document_ID_603323.pdf,3-0036774,,CE-2
325,3-0036774 - Natick - Document_ID_603323 MW A.pdf,3-0036774,,MW-1
331,4-0027571 - West Tisbury - Document_ID_481365 DW Z.pdf,4-0027571,,PROPERTY AE
334,4-0027571 - West Tisbury - Document_ID_481365 DW BE.pdf,4-0027571,,PROPERTY BF
335,3-0036774 - Natick - Document_ID_603323.pdf,3-0036774,,CE-5
336,4-0027571 - West Tisbury - Document_ID_481365 DW BC.pdf,4-0027571,,PROPERTY AH
338,4-0027571 - West Tisbury - Document_ID_481365 DW CC.pdf,4-0027571,,PROPERTY CH
341,4-0027571 - West Tisbury - Document_ID_481365 DW J.pdf,4-0027571,,PROPERTY-I
343,4-0027571 - West Tisbury - Document_ID_481365 DW BN.pdf,4-0027571,,PROPERTY BT
344,L1930186 - 290 Chestnut 07-10-19 Final.pdf,2-0020923,,290-CHEST-RAW
346,4-0027571 - West Tisbury - Document_ID_481365 DW BL.pdf,4-0027571,,PROPERTY BC
347,4-0027571 - West Tisbury - Document_ID_481365 DW W.pdf,4-0027571,,PROPERTY AR
348,3-0036774 - Natick - Document_ID_603323.pdf,3-0036774,,MW-1
349,L1926572 - 307 Chestnut - 06-19-2019 Final.pdf,2-0020923,,307 CHEST
350,L1929242 - 307 Chestnut - 07-03-19 Final.pdf,2-0020923,,307-CHEST-MID
351,3-0036774 - Natick - Document_ID_603323.pdf,3-0036774,,CE-9
356,L1929544 - 359 Chestnut 07-08-19 Final.pdf,2-0020923,,359-CHEST
364,L1929030 - 300 Chestnut - 07-02-2019 Final.pdf,2-0020923,,300-CHEST-MID
366,L1930183 - 307 Chestnut - 07-10-19 final.pdf,2-0020923,,307-CHEST-RAW
369,4-0027571 - West Tisbury - Document_ID_481365 DW AZ.pdf,4-0027571,,PROPERTY BB
371,4-0027571 - West Tisbury - Document_ID_481365 DW AR.pdf,4-0027571,,PROPERTY W
372,4-0027571 - West Tisbury - Document_ID_481365 DW AV.pdf,4-0027571,,PROPERTY BI
375,4-0027571 - West Tisbury - Document_ID_481365 DW K.pdf,4-0027571,,PROPERTY-K
376,L1930191 - 305 Chestnut - 07-10-2019 Final.pdf,2-0020923,,305-CHEST-MID
378,4-0027571 - West Tisbury - Document_ID_481365 DW AK.pdf,4-0027571,,PROPERTY AO
380,4-0027571 - West Tisbury - Document_ID_481365 DW AB.pdf,4-0027571,,PROPERTY AC
382,3-0036774 - Natick - Document_ID_603323.pdf,3-0036774,,CE-11
384,3-0036774 - Natick - Document_ID_603323.pdf,3-0036774,,JFK-2
387,3-0036774 - Natick - Document_ID_603323.pdf,3-0036774,,CE-4
390,4-0027571 - West Tisbury - Document_ID_481365 DW BD.pdf,4-0027571,,PROPERTY BS
392,4-0027571 - West Tisbury - Document_ID_481365 DW CW.pdf,4-0027571,,11 COFFINS FIELD
393,4-0027571 - West Tisbury - Document_ID_481365 DW CU.pdf,4-0027571,,11 COFFINS FIELD
394,4-0027571 - West Tisbury - Document_ID_481365 DW CS.pdf,4-0027571,,11 COFFINS FIELD
395,4-0027571 - West Tisbury - Document_ID_481365 DW CN.pdf,4-0027571,,PROPERTY BW
396,4-0027571 - West Tisbury - Document_ID_481365 DW CT.pdf,4-0027571,,11 COFFINS FIELD
397,3-0036774 - Natick - Document_ID_603323 MW.pdf,3-0036774,,JFK-2
398,3-0036774 - Natick - Document_ID_603323 MW A.pdf,3-0036774,,CE-5
399,3-0036774 - Natick - Document_ID_603323 MW A.pdf,3-0036774,,CE-4
400,4-0027571 - West Tisbury - Document_ID_481365 DW DA.pdf,4-0027571,,PROPERTY CE
401,4-0027571 - West Tisbury - Document_ID_481365 DW CR.pdf,4-0027571,,11 COFFINS FIELD
402,4-0027571 - West Tisbury - Document_ID_481365 DW I.pdf,4-0027571,,PROPERTY-H
403,L1929244 - 290 Chestnut 07-03-19 Final.pdf,2-0020923,,290-CHEST-TREATED
407,4-0027571 - West Tisbury - Document_ID_481365 DW BQ.pdf,4-0027571,,PROPERTY BK
408,L1929030 - 300 Chestnut - 07-02-2019 Final.pdf,2-0020923,,300-CHEST-TREATED
413,4-0027571 - West Tisbury - Document_ID_481365 DW AP.pdf,4-0027571,,PROPERTY AL
415,3-0036774 - Natick - Document_ID_603323.pdf,3-0036774,,JFK-9D
416,4-0027571 - West Tisbury - Document_ID_481365 DW BO.pdf,4-0027571,,PROPERTY BR
419,4-0027571 - West Tisbury - Document_ID_481365 DW CG.pdf,4-0027571,,PROPERTY CA
422,L1930183 - 307 Chestnut - 07-10-19 final.pdf,2-0020923,,FB-307-CHEST
425,L1930189 - 308 Chestnut - 07-10-2019 Final.pdf,2-0020923,,308-CHEST-RAW
430,L1927079 - 308 Chestnut Treated - 06-21-19 Final.pdf,2-0020923,,308 CHEST TREAT-FINAL
431,4-0027571 - West Tisbury - Document_ID_481365 DW AF.pdf,4-0027571,,PROPERTY AD
432,L1924635 - 308 Chestnut - 06-10-2019 Final.pdf,2-0020923,,308-CH-RAW
434,L1929549 - 300 Chestnut - 07-08-2019 Final.pdf,2-0020923,,FB-300-C-TREATED
435,L1930186 - 290 Chestnut 07-10-19 Final.pdf,2-0020923,,FB-290-CHEST
436,4-0027571 - West Tisbury - Document_ID_481365 DW V.pdf,4-0027571,,PROPERTY AJ
437,L1930190 - 296 Chestnut - 07-10-2019 Final.pdf,2-0020923,,296-CHEST-MID
440,4-0027571 - West Tisbury - Document_ID_481365 DW CM.pdf,4-0027571,,PROPERTY BX
441,4-0027571 - West Tisbury - Document_ID_481365 DW BB.pdf,4-0027571,,PROPERTY AW
442,L1930191 - 305 Chestnut - 07-10-2019 Final.pdf,2-0020923,,305-CHEST-RAW
443,4-0027571 - West Tisbury - Document_ID_481365 DW CX.pdf,4-0027571,,PROPERTY CI
448,4-0027571 - West Tisbury - Document_ID_481365 DW BT.pdf,4-0027571,,PROPERTY BA
450,L1929548 - 10 Beachnut 07-08-19 Final.pdf,2-0020923,,10-BEACH
453,L1929240 - 308 Chestnut - 07-03-2019 Final.pdf,2-0020923,,FB-308-C-TREATED
457,4-0027571 - West Tisbury - Document_ID_481365 DW BU.pdf,4-0027571,,PROPERTY AV
458,L1929227 - 7 Beechnut - 07-03-2019 Final.pdf,2-0020923,,FB-7-BEACH
464,L1929548 - 10 Beachnut 07-08-19 Final.pdf,2-0020923,,FB-10-BEACH
466,L1929549 - 300 Chestnut - 07-08-2019 Final.pdf,2-0020923,,300-C-TREATED
467,L1929234 - 264 Chestnut - 07-03-2019 Final.pdf,2-0020923,,264-CHEST
468,4-0027571 - West Tisbury - Document_ID_481365 DW G.pdf,4-0027571,,PROPERTY-G
471,L1930190 - 296 Chestnut - 07-10-2019 Final.pdf,2-0020923,,296-CHEST-TREATED
477,L1926567 - 305 Chestnut - 06-19-2019 Final.pdf,2-0020923,,305 CHEST
478,L1930188 - 3 Stony 07-10-2019 Final.pdf,2-0020923,,3-STONY-MID
479,L1929544 - 359 Chestnut 07-08-19 Final.pdf,2-0020923,,FB-359-CHEST
482,L1924635 - 308 Chestnut - 06-10-2019 Final.pdf,2-0020923,,FB-308
485,L1929231 - 3 Beechnut - 07-03-2019 Final.pdf,2-0020923,,3 BEACH
486,4-0027571 - West Tisbury - Document_ID_481365 DW CF.pdf,4-0027571,,PROPERTY CF
488,4-0027571 - West Tisbury - Document_ID_481365 DW AS.pdf,4-0027571,,PROPERTY U
491,L1926236 - 3 Stony 06-18-2019 Final.pdf,2-0020923,,3 STONY BROOK
492,4-0027571 - West Tisbury - Document_ID_481365 DW AI.pdf,4-0027571,,PROPERTY H-2
493,L1930188 -3 Stony 07-10-2019 Prelim.pdf,2-0020923,,3-STONY-MID
495,4-0027571 - West Tisbury - Document_ID_481365 DW BH.pdf,4-0027571,,PROPERTY AX
497,Town Hall Well Data - Whitewater.pdf,2-0021072,,SAMPLE 1
498,4-0027571 - West Tisbury - Document_ID_481365 DW BV.pdf,4-0027571,,PROPERTY AT
502,L1930183 - 307 Chestnut - 07-10-19 final.pdf,2-0020923,,307-CHEST-MID
505,4-0027571 - West Tisbury - Document_ID_481365 DW CB.pdf,4-0027571,,PROPERTY AY-2
507,4-0027571 - West Tisbury - Document_ID_481365 DW N.pdf,4-0027571,,PROPERTY P
509,4-0027571 - West Tisbury - Document_ID_481365 DW T.pdf,4-0027571,,PROPERTY S
518,4-0027571 - West Tisbury - Document_ID_481365 DW AM.pdf,4-0027571,,PROPERTY T
519,L1927078 - 308 Chestnut Mid 06-21-19 Final.pdf,2-0020923,,FB-308-FB
520,L1929543 - 8 Beachnut - 07-08-2019 Final.pdf,2-0020923,,FB-8-BEACH
521,L1929242 - 307 Chestnut - 07-03-19 Final.pdf,2-0020923,,307-CHEST-TREATED
523,L1929549 - 300 Chestnut - 07-08-2019 Final.pdf,2-0020923,,300-C-MID
524,L1929032 - 3 Stony 07-02-2019 Final.pdf,2-0020923,,3-STONY-MID
526,4-0027571 - West Tisbury - Document_ID_481365 DW AH.pdf,4-0027571,,PROPERTY AP
527,4-0027571 - West Tisbury - Document_ID_481365 DW Y.pdf,4-0027571,,PROPERTY AQ
528,L1926572 - 307 Chestnut - 06-19-2019 Final.pdf,2-0020923,,FB-307 FB
529,4-0027571 - West Tisbury - Document_ID_481365 DW CL.pdf,4-0027571,,PROPERTY CK
532,4-0027571 - West Tisbury - Document_ID_481365 DW P.pdf,4-0027571,,PROPERTY N
536,L1927079 - 308 Chestnut Treated - 06-21-19 Final.pdf,2-0020923,,FB-308-FB
542,4-0027571 - West Tisbury - Document_ID_481365 DW AE.pdf,4-0027571,,PROPERTY AN
543,4-0027571 - West Tisbury - Document_ID_481365 DW BW.pdf,4-0027571,,PROPERTY AG
547,4-0027571 - West Tisbury - Document_ID_481365 DW AD.pdf,4-0027571,,PROPERTY AB
549,L1930189 - 308 Chestnut - 07-10-2019 Final.pdf,2-0020923,,308-CHEST-TREATED
550,L1929242 - 307 Chestnut - 07-03-19 Final.pdf,2-0020923,,FB-307-C-TREATED
551,L1929231 - 3 Beechnut - 07-03-2019 Final.pdf,2-0020923,,FB-3-B
554,3-0036774 - Natick - Document_ID_603323.pdf,3-0036774,,FB-CE-1
556,L1930188 - 3 Stony 07-10-2019 Final.pdf,2-0020923,,FB-3-STONY
557,4-0027571 - West Tisbury - Document_ID_481365 DW BX.pdf,4-0027571,,EDGARTOWN-40890000-76
558,L1930188 -3 Stony 07-10-2019 Prelim.pdf,2-0020923,,FB-3-STONY
559,L1929244 - 290 Chestnut 07-03-19 Final.pdf,2-0020923,,FB-290-C-TREATED
562,4-0027571 - West Tisbury - Document_ID_481365 DW L.pdf,4-0027571,,PROPERTY-J
564,L1930183 - 307 Chestnut - 07-10-19 final.pdf,2-0020923,,307-CHEST-TREATED
565,L1930189 - 308 Chestnut - 07-10-2019 Final.pdf,2-0020923,,FB-308-CHEST
567,4-0027571 - West Tisbury - Document_ID_481365 DW CP.pdf,4-0027571,,PROPERTY CM
569,L1927592 - 296 Chestnut - 06-25-2019 Final.pdf,2-0020923,,FB 296 CHEST
571,4-0027571 - West Tisbury - Document_ID_481365 DW BY.pdf,4-0027571,,STANLEY WELL
572,4-0027571 - West Tisbury - Document_ID_481365 DW AX.pdf,4-0027571,,PROPERTY BG
573,L1930189 - 308 Chestnut - 07-10-2019 Final.pdf,2-0020923,,308-CHEST-MID
576,4-0027571 - West Tisbury - Document_ID_481365 DW S.pdf,4-0027571,,PROPERTY R
578,L1929032 - 3 Stony 07-02-2019 Final.pdf,2-0020923,,FB-3-STONY-TREATED
580,L1926569 - 290 Chestnut 6-19-19 Final.pdf,2-0020923,,FB-290 FB
581,4-0027571 - West Tisbury - Document_ID_481365 DW Q.pdf,4-0027571,,PROPERTY L
583,L1926567 - 305 Chestnut - 06-19-2019 Final.pdf,2-0020923,,FB-305 FB
586,L1929227 - 7 Beechnut - 07-03-2019 Final.pdf,2-0020923,,7 BEACH
588,L1930191 - 305 Chestnut - 07-10-2019 Final.pdf,2-0020923,,FB-305-CHEST
590,L1930190 - 296 Chestnut - 07-10-2019 Final.pdf,2-0020923,,FB-296-CHEST
591,L1929032 - 3 Stony 07-02-2019 Final.pdf,2-0020923,,3-STONY-TREATED
595,Town Hall Well Data - Whitewater.pdf,2-0021072,,SAMPLE 1 FB
596,L1928540 - 341 Chestnut - 06-28-2019 Final.pdf,2-0020923,,FB 341 CHEST FB
597,4-0027571 - West Tisbury - Document_ID_481365 DW BA.pdf,4-0027571,,PROPERTY AY
598,L1930188 - 3 Stony 07-10-2019 Final.pdf,2-0020923,,3-STONY-RAW
600,L1929030 - 300 Chestnut - 07-02-2019 Final.pdf,2-0020923,,FB-300-C-TREATED
601,L1929234 - 264 Chestnut - 07-03-2019 Final.pdf,2-0020923,,FB-264-CHEST
602,L1926570 - 300 Chestnut - 06-19-2019 Final.pdf,2-0020923,,FB-300 FB
603,L1926570 - 300 Chestnut - 06-19-2019 Final.pdf,2-0020923,,300 CHEST
605,4-0027571 - West Tisbury - Document_ID_481365 DW R.pdf,4-0027571,,PROPERTY M
648,4-0027571 - West Tisbury - Document_ID_481365 DW AT.pdf,4-0027571,,PROPERTY BO
1042,L1926569 - 290 Chestnut 6-19-19 Final.pdf,2-0020923,,290 CHEST
1044,L1929543 - 8 Beachnut - 07-08-2019 Final.pdf,2-0020923,,8-BEACH
1045,L1928540 - 341 Chestnut - 06-28-2019 Final.pdf,2-0020923,,341 CHEST
1048,4-0027571 - West Tisbury - Document_ID_481365 DW O.pdf,4-0027571,,PROPERTY O
1052,4-0027571 - West Tisbury - Document_ID_481365 DW M.pdf,4-0027571,,PROPERTY Q
1053,L1927078 - 308 Chestnut Mid 06-21-19 Final.pdf,2-0020923,,308 CHEST MID
1054,L1926236 - 3 Stony 06-18-2019 Final.pdf,2-0020923,,FB-5-SB
1074,Homeowner Test - FA66116.pdf,2-0020923,,343 CHESTNUT TAP2
1075,Homeowner Test - FA66116.pdf,2-0020923,,343 CHESTNUT RAW
1076,Homeowner Test - FA66116.pdf,2-0020923,,343 CHESTNUT TAP1
1080,4-0027571 - West Tisbury - Document_ID_481365 DW AA.pdf,4-0027571,,PROPERTY AM
1081,4-0027571 - West Tisbury - Document_ID_481365 DW D.pdf,4-0027571,,PROPERTY-E
1083,4-0027571 - West Tisbury - Document_ID_481365 DW C.pdf,4-0027571,,PROPERTY-C
1084,4-0027571 - West Tisbury - Document_ID_481365 DW CE.pdf,4-0027571,,PROPERTY CG
1107,FA66816 - 3 Beechnut - 08-07-2019 Final.pdf,2-0020923,,3-BEECH-TREATED
1110,FA66816 - 3 Beechnut - 08-07-2019 Final.pdf,2-0020923,,FB-3-BEECH
1113,FA66816 - 3 Beechnut - 08-07-2019 Final.pdf,2-0020923,,3-BEECH-RAW
1117,FA66120 - 341 Chestnut - 07-17-2019 Final.pdf,2-0020923,,341-CHEST-RAW
1123,FA66120 - 341 Chestnut - 07-17-2019 Final.pdf,2-0020923,,341-CHEST-TREATED
1125,2-0021075 Stow 3 Center rcvd 12-05-19.pdf,2-0021075,,3 CENTER ST FB
1127,FA67315- 5 Beechnut - 08-21-2019 Final.pdf,2-0020923,,5-BEECH-MID
1129,FA67315- 5 Beechnut - 08-21-2019 Final.pdf,2-0020923,,5-BEECH-TREATED
1131,FA66817 - 5 Beechnut - 08-07-2019 Final.pdf,2-0020923,,5-BEECH-MID
1132,FA66120 - 341 Chestnut - 07-17-2019 Final.pdf,2-0020923,,341-CHEST-MID
1133,FA67316 - 264 Chestnut - 08-21-2019 Final.pdf,2-0020923,,264-CHEST-TREATED
1136,FA66117R 5 Beachnut - 07-17-2019 Final.pdf,2-0020923,,FB-5-BEACH
1144,FA66631 - 307 Chestnut - 07-31-2019 Final.pdf,2-0020923,,307-CHEST-RAW
1146,FA66629 - 290 Chestnut 07-31-2019 Final.pdf,2-0020923,,290-CHEST-MID
1148,FA66819 - 9 Beechnut - 08-07-2019 Final.pdf,2-0020923,,9-BEECH-RAW
1149,FA66819 - 9 Beechnut - 08-07-2019 Final.pdf,2-0020923,,9-BEECH-MID
1151,FA66628 - 300 Chestnut - 07-31-2019 Final.pdf,2-0020923,,300-CHEST-TREATED
1152,FA66818 - 7 Beechnut - 08-07-2019 Final.pdf,2-0020923,,FB-7-BEECH
1153,FA66818 - 7 Beechnut - 08-07-2019 Final.pdf,2-0020923,,7-BEECH-RAW
1154,FA66824 - 264 Chestnut - 08-07-2019 Final.pdf,2-0020923,,264-CHEST-RAW
1155,FA66824 - 264 Chestnut - 08-07-2019 Final.pdf,2-0020923,,FB-264-CHEST
1156,FA66818 - 7 Beechnut - 08-07-2019 Final.pdf,2-0020923,,7-BEECH-MID
1157,FA66307 - 341 Chestnut - 07-24-2019 Final.pdf,2-0020923,,341-CHEST-TREATED
1158,FA66818 - 7 Beechnut - 08-07-2019 Final.pdf,2-0020923,,7-BEECH-TREATED
1160,FA66629 - 290 Chestnut 07-31-2019 Final.pdf,2-0020923,,290-CHEST-TREATED
1161,FA66307 - 341 Chestnut - 07-24-2019 Final.pdf,2-0020923,,341-CHEST-MID
1162,FA66819 - 9 Beechnut - 08-07-2019 Final.pdf,2-0020923,,FB-9-BEECH
1163,FA66826 - 341 Chestnut - 08-07-2019 Final.pdf,2-0020923,,341-CHEST-TREATED
1166,FA66819 - 9 Beechnut - 08-07-2019 Final.pdf,2-0020923,,9-BEECH-TREATED
1169,FA66826 - 341 Chestnut - 08-07-2019 Final.pdf,2-0020923,,341-CHEST-RAW
1170,FA67055 - 121 White Pond - 08-14-2019 Final.pdf,2-0020439,,121-WP
1171,FA66825 - 296 Chestnut - 08-07-2019 Final.pdf,2-0020923,,296-CHEST-TREATED
1173,FA66825 - 296 Chestnut - 08-07-2019 Final.pdf,2-0020923,,296-CHEST-MID
1175,FA67057 - 2 Cranberry - 08-14-2019 Final.pdf,2-0020439,,FB-2-CRANBERRY
1176,FA66626 - 3 Stony 07-31-2019 Final.pdf,2-0020923,,3-STONY-RAW
1177,FA66626 - 3 Stony 07-31-2019 Final.pdf,2-0020923,,3-STONY-TREATED
1180,FA67057 - 2 Cranberry - 08-14-2019 Final.pdf,2-0020439,,2-CRANBERRY
1181,FA66704 - 181 White Pond - 08-02-2019 Final.pdf,2-0020439,,FB-181-WP
1182,FA66824 - 264 Chestnut - 08-07-2019 Final.pdf,2-0020923,,264-CHEST-TREATED
1184,FA67055 - 121 White Pond - 08-14-2019 Final.pdf,2-0020439,,FB-121-WP
1185,FA66118 - 308 Chestnut 07-17-2019 Final.pdf,2-0020923,,308-CHEST-TREATED
1186,FA67052 - 209 White Pond - 08-14-2019 Final.pdf,2-0020439,,209-WP
1187,FA66703 - 178 White Pond - 08-02-2019 Final.pdf,2-0020439,,178-WP
1188,FA67327 - 3 Beechnut - 08-21-2019 Final.pdf,2-0020923,,3-BEECH-RAW
1191,FA66122 - 305 Chestnut 07-17-2019 Final.pdf,2-0020923,,305-CHEST-TREATED
1194,FA66112 - 9 Beechnut FB - 07-17-2019 Final.pdf,2-0020923,,FB-9-BEACH
1195,FA66631 - 307 Chestnut - 07-31-2019 Final.pdf,2-0020923,,307-CHEST-TREATED
1197,FA66121 - 296 Chestnut - 07-17-2019 Final.pdf,2-0020923,,296-CHEST-MID
1198,FA66631 - 307 Chestnut - 07-31-2019 Final.pdf,2-0020923,,307-CHEST-MID
1203,FA66308 - 305 Chestnut - 07-24-2019 Final.pdf,2-0020923,,305-CHEST-TREATED
1205,FA66817 - 5 Beechnut - 08-07-2019 Final.pdf,2-0020923,,5-BEECH-RAW
1206,FA67315- 5 Beechnut - 08-21-2019 Final.pdf,2-0020923,,FB-5-BEECH
1207,FA66826 - 341 Chestnut - 08-07-2019 Final.pdf,2-0020923,,341-CHEST-MID
1209,FA66309 - 307 Chestnut - 07-24-2019 Final.pdf,2-0020923,,307-CHEST-MID
1210,FA67315- 5 Beechnut - 08-21-2019 Final.pdf,2-0020923,,5-BEECH-RAW
1211,FA66705 - 186 White Pond - 08-02-2019 Final.pdf,2-0020439,,186-WP
1214,FA66704 - 181 White Pond - 08-02-2019 Final.pdf,2-0020439,,181-WP
1215,FA66824 - 264 Chestnut - 08-07-2019 Final.pdf,2-0020923,,264-CHEST-MID
1217,FA66628 - 300 Chestnut - 07-31-2019 Final.pdf,2-0020923,,300-CHEST-MID
1221,FA66311 - 300 Chestnut - 07-24-2019 Final.pdf,2-0020923,,300-CHEST-MID
1225,FA67316 - 264 Chestnut - 08-21-2019 Final.pdf,2-0020923,,264-CHEST-MID
1228,FA66309 - 307 Chestnut - 07-24-2019 Final.pdf,2-0020923,,307-CHEST-TREATED
1230,FA66311 - 300 Chestnut - 07-24-2019 Final.pdf,2-0020923,,300-CHEST-TREATED
1231,FA67059 - 3 Beechnut - 08-14-2019 Final.pdf,2-0020923,,3-BEECH-MID
1233,FA67059 - 3 Beechnut - 08-14-2019 Final.pdf,2-0020923,,3-BEECH-TREATED
1235,FA67063 - 359 Chestnut - 08-14-2019 Final.pdf,2-0020923,,FB-359-CHEST
1238,FA67063 - 359 Chestnut - 08-14-2019 Final.pdf,2-0020923,,359-CHEST-TREATED
1240,fa67060 - 5 Beechnut - 08-14-2019 Final.pdf,2-0020923,,5-BEECH-RAW
1243,fa67060 - 5 Beechnut - 08-14-2019 Final.pdf,2-0020923,,5-BEECH-MID
1245,fa67060 - 5 Beechnut - 08-14-2019 Final.pdf,2-0020923,,5-BEECH-TREATED
1247,FA67059 - 3 Beechnut - 08-14-2019 Final.pdf,2-0020923,,3-BEECH-RAW
1251,FA66312 - 296 Chestnut - 07-24-2019 Final.pdf,2-0020923,,296-CHEST-TREATED
1253,FA66312 - 296 Chestnut - 07-24-2019 Final.pdf,2-0020923,,296-CHEST-MID
1255,FA66118 - 308 Chestnut 07-17-2019 Final.pdf,2-0020923,,308-CHEST-MID
1258,FA66312 - 296 Chestnut - 07-24-2019 Final.pdf,2-0020923,,296-CHEST-RAW
1261,FA67062 - 341 Chestnut - 08-14-2019 Final.pdf,2-0020923,,341-CHEST-TREATED
1263,FA67062 - 341 Chestnut - 08-14-2019 Final.pdf,2-0020923,,341-CHEST-RAW
1266,FA67062 - 341 Chestnut - 08-14-2019 Final.pdf,2-0020923,,341-CHEST-MID
1268,FA66307 - 341 Chestnut - 07-24-2019 Final.pdf,2-0020923,,341-CHEST-RAW
1273,FA67325 - 9 Beechnut - 08-21-2019 Final.pdf,2-0020923,,9-BEECH-RAW
1274,FA66628 - 300 Chestnut - 07-31-2019 Final.pdf,2-0020923,,300-CHEST-RAW
1278,FA67325 - 9 Beechnut - 08-21-2019 Final.pdf,2-0020923,,9-BEECH-MID
1281,FA67325 - 9 Beechnut - 08-21-2019 Final.pdf,2-0020923,,9-BEECH-TREATED
1282,FA66827 - 359 Chestnut - 08-07-2019 Final.pdf,2-0020923,,359-CHEST-TREATED
1283,FA67325 - 9 Beechnut - 08-21-2019 Final.pdf,2-0020923,,FB-9-BEECH
1284,FA67326 -7 Beechnut - 08-21-2019 Final.pdf,2-0020923,,7-BEECH-RAW
1287,FA67326 -7 Beechnut - 08-21-2019 Final.pdf,2-0020923,,7-BEECH-MID
1290,FA67326 -7 Beechnut - 08-21-2019 Final.pdf,2-0020923,,7-BEECH-TREATED
1293,FA66121 - 296 Chestnut - 07-17-2019 Final.pdf,2-0020923,,FB-296-CHEST
1296,FA66817 - 5 Beechnut - 08-07-2019 Final.pdf,2-0020923,,FB-5-BEECH
1302,FA66817 - 5 Beechnut - 08-07-2019 Final.pdf,2-0020923,,5-BEECH-TREATED
1304,FA66816 - 3 Beechnut - 08-07-2019 Final.pdf,2-0020923,,3-BEECH-MID
1306,FA66827 - 359 Chestnut - 08-07-2019 Final.pdf,2-0020923,,359-CHEST-MID
1308,FA66827 - 359 Chestnut - 08-07-2019 Final.pdf,2-0020923,,359-CHEST-RAW
1309,FA66112 - 9 Beechnut - 07-17-2019 Final.pdf,2-0020923,,9-BEACH
1310,FA66827 - 359 Chestnut - 08-07-2019 Final.pdf,2-0020923,,FB-359-CHEST
1313,FA66121 - 296 Chestnut - 07-17-2019 Final.pdf,2-0020923,,296-CHEST-TREATED
1320,FA66122 - 305 Chestnut 07-17-2019 Final.pdf,2-0020923,,305-CHEST-MID
1321,FA66626 - 3 Stony 07-31-2019 Final.pdf,2-0020923,,3-STONY-MID
1323,FA66308 - 305 Chestnut - 07-24-2019 Final.pdf,2-0020923,,305-CHEST-MID
1331,FA66122 - 305 Chestnut 07-17-2019 Final.pdf,2-0020923,,FB-305-CHEST
1333,FA67318 - 359 Chestnut  - 08-21-2019 Final.pdf,2-0020923,,359-CHEST-TREAT
1336,FA67327 - 3 Beechnut - 08-21-2019 Final.pdf,2-0020923,,3-BEECH-MID
1338,FA67327 - 3 Beechnut - 08-21-2019 Final.pdf,2-0020923,,3-BEECH-TREATED
1344,FA67318 - 359 Chestnut  - 08-21-2019 Final.pdf,2-0020923,,FB-359-CHEST
1347,FA67318 - 359 Chestnut  - 08-21-2019 Final.pdf,2-0020923,,359-CHEST-RAW
1349,FA66110R 343 Chesnut FB - 07-17-2019 Final.pdf,2-0020923,,FB-343-CHEST
1351,FA67318 - 359 Chestnut  - 08-21-2019 Final.pdf,2-0020923,,359-CHEST-MID
1391,FA66703 - 178 White Pond - 08-02-2019 Final.pdf,2-0020439,,FB-178-WP
1397,FA66706 - 168 White Pond - 08-02-2019 Final.pdf,2-0020439,,FB-168-WP
1401,FA66706 - 168 White Pond - 08-02-2019 Final.pdf,2-0020439,,168-WP
1403,FA67841 - 296 Chestnut - 10-31-2019 Final.pdf,2-0020923,,296-CHEST-MID
1404,FA66709 - 5 Cranberry - 08-02-2019 Final.pdf,2-0020439,,5-CL
1405,FA67841 - 296 Chestnut - 10-31-2019 Final.pdf,2-0020923,,296-CHEST-TREATED
1412,FA67052 - 209 White Pond - 08-14-2019 Final.pdf,2-0020439,,FB-209-WP
1415,FA66708 - 182 White Pond - 08-02-2019 Final.pdf,2-0020439,,FB-182-WP
1420,FA67323 - 225 White Pond - 08-21-2019 Final.pdf,2-0020439,,225-WP
1429,FA66708 - 182 White Pond - 08-02-2019 Final.pdf,2-0020439,,182-WP
1441,fa67061 - 7 Beechnut - 08-14-2019 Final.pdf,2-0020923,,7-BEECH-TREATED
1445,fa67061 - 7 Beechnut - 08-14-2019 Final.pdf,2-0020923,,7-BEECH-MID
1449,fa67061 - 7 Beechnut - 08-14-2019 Final.pdf,2-0020923,,7-BEECH-RAW
1454,fa67060 - 5 Beechnut - 08-14-2019 Final.pdf,2-0020923,,FB-5-BEECH
1462,FA66600 - 305 Chestnut - 07-31-2019 Final.pdf,2-0020923,,305-CHEST-RAW
1463,FA67834 - 10 Beechnut -09-04-2019 Final.pdf,2-0020923,,FB-10-BEECH
1465,FA66314 - 308 Chestnut - 07-24-2019 Final.pdf,2-0020923,,308-CHEST-MID
1466,FA66602 - 341 Chestnut - 07-31-2019 Final.pdf,2-0020923,,341-CHEST-RAW
1467,FA66315 - 3 Stony 07-24-19 Final.pdf,2-0020923,,3-STONY-MID
1468,FA66599 - 264 Chestnut - 07-31-2019 Final.pdf,2-0020923,,FB-264-CHEST
1470,FA66313 - 290 Chestnut - 07-24-2019 Final.pdf,2-0020923,,290-CHEST-RAW
1471,FA66602 - 341 Chestnut - 07-31-2019 Final.pdf,2-0020923,,341-CHEST-TREATED
1472,FA66602 - 341 Chestnut - 07-31-2019 Final.pdf,2-0020923,,341-CHEST-MID
1473,FA66538 - 115 White Pond - 07-30-2019 Final.pdf,2-0020439,,115-WP
1474,FA67063 - 359 Chestnut - 08-14-2019 Final.pdf,2-0020923,,359-CHEST-MID
1475,FA66313 - 290 Chestnut - 07-24-2019 Final.pdf,2-0020923,,290-CHEST-TREATED
1478,FA66543 - 201 White Pond - 07-30-2019 Final.pdf,2-0020439,,201-WP
1479,FA67064 - 264 Chestnut  - 08-14-2019 Final.pdf,2-0020923,,264-CHEST-MID
1481,FA66599 - 264 Chestnut - 07-31-2019 Final.pdf,2-0020923,,264-CHEST-MID
1482,FA67064 - 264 Chestnut  - 08-14-2019 Final.pdf,2-0020923,,264-CHEST-RAW
1483,fa66540 -  107 White Pond - 07-30-2019 Final.pdf,2-0020439,,107-WP
1484,FA67832 - 305 Chestnut - 09-04-2019 Final.pdf,2-0020923,,305-CHEST-TREATED
1485,FA67064 - 264 Chestnut  - 08-14-2019 Final.pdf,2-0020923,,264-CHEST-TREATED
1486,FA66535 - 75 White Pond - 07-30-2019 Final.pdf,2-0020439,,75-WP
1487,FA66542 - 159 White Pond 07-30-2019 Final.pdf,2-0020439,,159-WP
1489,FA66541 - 189 White Pond - 07-30-2019 Final.pdf,2-0020439,,189-WP
1490,FA67063 - 359 Chestnut - 08-14-2019 Final.pdf,2-0020923,,359-CHEST-RAW
1491,FA66315 - 3 Stony 07-24-19 Final.pdf,2-0020923,,3-STONY-RAW
1494,FA66603 - 296 Chestnut - 07-31-2019 Final.pdf,2-0020923,,296-CHEST-TREATED
1495,FA66308 - 305 Chestnut - 07-24-2019 Final.pdf,2-0020923,,305-CHEST-RAW
1497,FA66599 - 264 Chestnut - 07-31-2019 Final.pdf,2-0020923,,264-CHEST-TREATED
1500,FA66598 - 3 Beechnut - 07-31-2019 Final.pdf,2-0020923,,3-BEECH-MID
1501,FA67608 - 359 Chestnut - 08-28-2019 Final.pdf,2-0020923,,FB-359-CHEST
1505,FA66309 - 307 Chestnut - 07-24-2019 Final.pdf,2-0020923,,307-CHEST-RAW
1506,FA67608 - 359 Chestnut - 08-28-2019 Final.pdf,2-0020923,,359-CHEST-RAW
1507,FA66603 - 296 Chestnut - 07-31-2019 Final.pdf,2-0020923,,296-CHEST-MID
1508,FA66122 - 305 Chestnut 07-17-2019 Final.pdf,2-0020923,,305-CHEST-RAW
1509,FA66603 - 296 Chestnut - 07-31-2019 Final.pdf,2-0020923,,296-CHEST-RAW
1510,FA66771 - 241 White Pond - 08-06-2019 Final.pdf,2-0020439,,241-WHITE
1515,FA66535 - 75 White Pond - 07-30-2019 Final.pdf,2-0020439,,FB-75-WP
1518,FA66770 - 305 Chestnut - 08-07-2019 Final.pdf,2-0020923,,305-CHEST-RAW
1522,FA67607 - 307 Chestnut - 08-28-2019 FInal.pdf,2-0020923,,307-CHEST-MID
1523,FA66770 - 305 Chestnut - 08-07-2019 Final.pdf,2-0020923,,305-CHEST-TREATED
1525,FA66598 - 3 Beechnut - 07-31-2019 Final.pdf,2-0020923,,3-BEECH-TREATED
1526,FA67607 - 307 Chestnut - 08-28-2019 FInal.pdf,2-0020923,,307-CHEST-RAW
1527,FA66770 - 305 Chestnut - 08-07-2019 Final.pdf,2-0020923,,305-CHEST-MID
1529,FA67841 - 296 Chestnut - 10-31-2019 Final.pdf,2-0020923,,296-CHEST-RAW
1531,FA66709 - 5 Cranberry - 08-02-2019 Final.pdf,2-0020439,,FB-5-CL
1535,FA67607 - 307 Chestnut - 08-28-2019 FInal.pdf,2-0020923,,307-CHEST-TREATED
1537,fa66540 -  107 White Pond - 07-30-2019 Final.pdf,2-0020439,,FB-107-WP
1539,FA66109 - 3 Stony 07-17-2019 Final.pdf,2-0020923,,3-STONY-RAW
1540,FA66314 - 308 Chestnut - 07-24-2019 Final.pdf,2-0020923,,308-CHEST-TREATED
1544,FA66109 - 3 Stony 07-17-2019 Final.pdf,2-0020923,,3-STONY-TREATED
1546,FA66113 - 307 Chestnut - 07-17-2019 Final.pdf,2-0020923,,307-CHEST-MID
1547,FA66545 - 169 White Pond - 07-30-2019 Final.pdf,2-0020439,,FB-169-WP
1548,FA67608 - 359 Chestnut - 08-28-2019 Final.pdf,2-0020923,,359-CHEST-MID
1549,FA66599 - 264 Chestnut - 07-31-2019 Final.pdf,2-0020923,,264-CHEST-RAW
1552,FA66314 - 308 Chestnut - 07-24-2019 Final.pdf,2-0020923,,308-CHEST-RAW
1555,FA67608 - 359 Chestnut - 08-28-2019 Final.pdf,2-0020923,,359-CHEST-TREATED
1557,FA66600 - 305 Chestnut - 07-31-2019 Final.pdf,2-0020923,,305-CHEST-MID
1558,FA68622 - 290 Chestnut 10-02-2019 Revised.pdf,2-0020923,,290-CHEST-RAW
1560,FA68622 - 290 Chestnut 10-02-2019 Reissued Final.pdf,2-0020923,,290-CHEST-RAW
1562,FA66313 - 290 Chestnut - 07-24-2019 Final.pdf,2-0020923,,290-CHEST-MID
1564,FA66545 - 169 White Pond - 07-30-2019 Final.pdf,2-0020439,,169-WP
1566,FA66600 - 305 Chestnut - 07-31-2019 Final.pdf,2-0020923,,305-CHEST-TREATED
1568,FA67840 - 290 Chestnut 09-04-2019 Final.pdf,2-0020923,,290-CHEST-TREATED
1569,FA66315 - 3 Stony 07-24-19 Final.pdf,2-0020923,,3-STONY-TREATED
1570,FA67840 - 290 Chestnut 09-04-2019 Final.pdf,2-0020923,,290-CHEST-MID
1572,FA67620 - 300 Chestnut - 08-28-2019 Final.pdf,2-0020923,,300-CHEST-RAW
1573,FA67840 - 290 Chestnut 09-04-2019 Final.pdf,2-0020923,,290-CHEST-RAW
1575,FA67838 - 9 Beechnut - 09-04-2019 Final.pdf,2-0020923,,9-BEECH-RAW
1578,FA67838 - 9 Beechnut - 09-04-2019 Final.pdf,2-0020923,,FB-9-BEECH
1584,FA66114 - 300 Chestnut - 07-17-2019 Final.pdf,2-0020923,,300-CHEST-TREATED
1585,FA67620 - 300 Chestnut - 08-28-2019 Final.pdf,2-0020923,,300-CHEST-TREATED
1586,FA66110 - 343 Chestnut 07-17-2019 Final.pdf,2-0020923,,343-CHEST
1588,FA67620 - 300 Chestnut - 08-28-2019 Final.pdf,2-0020923,,300-CHEST-MID
1591,FA66121 - 296 Chestnut - 07-17-2019 Final.pdf,2-0020923,,296-CHEST-RAW
1592,FA66772 - 227 White Pond - 08-06-2019 Final.pdf,2-0020439,,227-WHITE
1599,FA67837 - 3 Stony 09-04-2019 Final.pdf,2-0020923,,3-STONY BROOK-TREATED
1603,FA67833 - 5 Beechnut - 09-4-2019 Final.pdf,2-0020923,,5-BEECH-RAW
1604,FA67833 - 5 Beechnut - 09-4-2019 Final.pdf,2-0020923,,FB-5-BEECH
1605,FA66598 - 3 Beechnut - 07-31-2019 Final.pdf,2-0020923,,FB-3-BEECH
1607,FA67833 - 5 Beechnut - 09-4-2019 Final.pdf,2-0020923,,5-BEECH-TREATED
1609,FA67838 - 9 Beechnut - 09-04-2019 Final.pdf,2-0020923,,9-BEECH-TREATED
1611,FA67838 - 9 Beechnut - 09-04-2019 Final.pdf,2-0020923,,9-BEECH-MID
1614,FA67837 - 3 Stony 09-04-2019 Final.pdf,2-0020923,,3-STONY BROOK-MID
1615,FA67837 - 3 Stony 09-04-2019 Final.pdf,2-0020923,,3-STONY BROOK-RAW
1616,FA67832 - 305 Chestnut - 09-04-2019 Final.pdf,2-0020923,,305-CHEST-MID
1621,FA67619 - 7 Beechnut - 08-28-2019 Final.pdf,2-0020923,,7-BEECH-RAW
1625,FA66598 - 3 Beechnut - 07-31-2019 Final.pdf,2-0020923,,3-BEECH-RAW
1626,FA67618 - 9 Beechnut - 08-28-2019 Final.pdf,2-0020923,,9-BEECH-MID
1627,FA67605 - 164 White Pond - 08-28-2019 Final.pdf,2-0020439,,164-WHITE
1631,FA67621 - 233 White Pond - 08-28-2019 Final.pdf,2-0020439,,223-WHITE
1634,FA67317- 308 Chestnut - 08-21-2019 Final.pdf,2-0020923,,308-CHEST-RAW
1635,FA66629 - 290 Chestnut 07-31-2019 Final.pdf,2-0020923,,290-CHEST-RAW
1636,FA66114 - 300 Chestnut - 07-17-2019 Final.pdf,2-0020923,,300-CHEST-MID
1637,FA67833 - 5 Beechnut - 09-4-2019 Final.pdf,2-0020923,,5-BEECH-MID
1640,FA66107 - 290 Chestnut 07-17-2019 Final.pdf,2-0020923,,290-CHEST-MID
1642,FA67618 - 9 Beechnut - 08-28-2019 Final.pdf,2-0020923,,9-BEECH-TREATED
1643,FA66114 - 300 Chestnut - 07-17-2019 Final.pdf,2-0020923,,FB-300-CHEST
1645,FA66825 - 296 Chestnut - 08-07-2019 Final.pdf,2-0020923,,296-CHEST-RAW
1650,FA67619 - 7 Beechnut - 08-28-2019 Final.pdf,2-0020923,,7-BEECH-TREATED
1651,FA66542 - 159 White Pond 07-30-2019 Final.pdf,2-0020439,,FB-159-WP
1652,FA67317- 308 Chestnut - 08-21-2019 Final.pdf,2-0020923,,308-CHEST-TREATED
1654,FA66310 - 277 Chestnut - 07-24-2019 Final.pdf,2-0020923,,277-CHEST
1655,FA67618 - 9 Beechnut - 08-28-2019 Final.pdf,2-0020923,,FB-9-BEECH
1656,FA67606 - 174 White Pond - 08-28-2019 Final.pdf,2-0020439,,FB-174-WHITE
1658,FA66118 - 308 Chestnut 07-17-2019 Final.pdf,2-0020923,,308-CHEST-RAW
1659,FA67619 - 7 Beechnut - 08-28-2019 Final.pdf,2-0020923,,7-BEECH-MID
1662,FA66534  - 69 White Pond - 07-30-2019 Final.pdf,2-0020439,,69-WP
1663,FA67316 - 264 Chestnut - 08-21-2019 Final.pdf,2-0020923,,264-CHEST-RAW
1664,FA66310 - 277 Chestnut - 07-24-2019 Final.pdf,2-0020923,,FB-277-CHEST
1666,FA67606 - 174 White Pond - 08-28-2019 Final.pdf,2-0020439,,174-WHITE
1667,FA67317- 308 Chestnut - 08-21-2019 Final.pdf,2-0020923,,308-CHEST-MID
1671,FA66107 - 290 Chestnut 07-17-2019 Final.pdf,2-0020923,,290-CHEST-TREATED
1673,FA67618 - 9 Beechnut - 08-28-2019 Final.pdf,2-0020923,,9-BEECH-RAW
1674,FA66114 - 300 Chestnut - 07-17-2019 Final.pdf,2-0020923,,300-CHEST-RAW
1675,FA66117 - 5 Beechnut - 07-17-2019 Final.pdf,2-0020923,,5-BEACH
1676,FA66113 - 307 Chestnut - 07-17-2019 Final.pdf,2-0020923,,307-CHEST-RAW
1677,FA66109 - 3 Stony 07-17-2019 Final.pdf,2-0020923,,3-STONY-MID
1678,FA66107 - 290 Chestnut 07-17-2019 Final.pdf,2-0020923,,290-CHEST-RAW
1679,FA66113 - 307 Chestnut - 07-17-2019 Final.pdf,2-0020923,,307-CHEST-TREATED
1680,FA66311 - 300 Chestnut - 07-24-2019 Final.pdf,2-0020923,,300-CHEST-RAW
1681,FA67834 - 10 Beechnut -09-04-2019 Final.pdf,2-0020923,,10-BEECH
1683,FA67832 - 305 Chestnut - 09-04-2019 Final.pdf,2-0020923,,305-CHEST-RAW
1684,gleasondale surface water data_11182021.pdf,2-0021045,,CANAL-UP
1685,gleasondale surface water data_11182021.pdf,2-0021045,,CANAL-DOWN
1686,gleasondale surface water data_11182021.pdf,2-0021045,,RIVER-MID
1687,gleasondale surface water data_11182021.pdf,2-0021045,,RIVER-DOWN
1688,gleasondale surface water data_11182021.pdf,2-0021045,,RIVER-UP
273,2-0020439 - Hudson - Document_ID_474340 DW A.pdf,2-0020439,,58-PARMENTER-10152018
291,2-0020439 - Hudson - Document_ID_474340 DW A.pdf,2-0020439,,6-CRANBERRY-10152018
297,2-0020439 - Hudson - Document_ID_474340 DW A.pdf,2-0020439,,3-ANNIE-10152018
314,2-0020439 - Hudson - Document_ID_474340 DW A.pdf,2-0020439,,129-PARMENTER-10152018
316,2-0020439 - Hudson - Document_ID_474340 DW A.pdf,2-0020439,,5-ANNIE-10152018
322,2-0020439 - Hudson - Document_ID_474340 DW A.pdf,2-0020439,,76-PARMENTER-10152018
324,2-0020439 - Hudson - Document_ID_474340 DW A.pdf,2-0020439,,4-ANNIE-10152018
349,2-0020439 - Hudson - Document_ID_474340 DW A.pdf,2-0020439,,144-PARMENTER-PRE-10152018
353,2-0020439 - Hudson - Document_ID_474340 DW A.pdf,2-0020439,,128-PARMENTER-10152018
357,2-0020439 - Hudson - Document_ID_474340 DW A.pdf,2-0020439,,115-PARMENTER-10152018
394,2-0020439 - Hudson - Document_ID_474340 DW A.pdf,2-0020439,,144-PARMENTER-POST-10152018
420,2-0020439 - Hudson - Document_ID_474340 DW A.pdf,2-0020439,,8-CRANBERRY-10152018
422,2-0020439 - Hudson - Document_ID_474340 DW A.pdf,2-0020439,,75-PARMENTER-10152018
441,2-0020439 - Hudson - Document_ID_474340 DW A.pdf,2-0020439,,50-PARMENTER-10152018
457,2-0020439 - Hudson - Document_ID_474340 DW A.pdf,2-0020439,,other
458,2-0020439 - Hudson - Document_ID_474340 DW A.pdf,2-0020439,,2-ANNIE-10152018
497,2-0020439 - Hudson - Document_ID_474340 DW A.pdf,2-0020439,,81-PARMENTER-10152018
735,2-0020439 - Hudson - Document_ID_474340 DW A.pdf,2-0020439,,78-PARMENTER-10152018
1313,2-0020439 - Hudson - Document_ID_474340 DW B.pdf,2-0020439,,104-PARMENTER-10262018
1493,2-0020439 - Hudson - Document_ID_474340 DW A.pdf,2-0020439,,27-PARMENTER-10152018
1675,2-0020439 - Hudson - Document_ID_474340 DW A.pdf,2-0020439,,19-PARMENTER-10152018
